date,plane_type,loc,lat,lng,country,ref,airline,fat,px,cat,phase,cert,meta,cause,notes,,,,,,,,,
2015-03-24,A320-211,French Alps,45.83,6.85,France,4U 9525,GermanWings,150,61,A1,en_route,suspected,unknown,criminal,Still under investigation. But preliminary evidence suggests the co-pilot deliberated crashed the plane into the mountains after locking the pilot out of the cockpit.,,,,,,,,,
2015-02-04,ATR 72-600,near Taipei,25.03,121.57,Taiwan,GE235,TransAsia Airways,43,43,A1,takeoff,suspected,unknown,mechanical,The plane hit a highway viaduct and plunged into the Keelung River shortly after take-off.  Crew reported an engine flameout.,,,,,,,,,
2014-12-28,A320-200,coast of Borneo,0.96,114.55,Indonesia,QZ8501,AirAsia,162,70,A1,en_route,suspected,weather,unknown,,,,,,,,,,
2014-08-10,HESA IrAn-140-100,near  Tehran-Mehrabad Airport,35.69,51.31,Iran,EP-GPA,Sepahan Airlines,39,41,A1,initial_climb,unknown,unknown,unknown,,,,,,,,,,
2014-07-24,McDonnell Douglas MD-83,near Gossi ,15.82,-1.30,Mali,EC-LTV,Air Algérie,116,64,A1,en_route,suspected,weather,unknown,,,,,,,,,,
2014-07-23,ATR 72-500,near Magong Airport,23.56,119.63,Taiwan,B-22810,TransAsia Airways,48,45,A1,en_route,suspected,weather,unknown,,,,,,,,,,
2014-07-17,Boeing 777-2H6ER,near Donetsk,48.02,37.80,Ukraine,9M-MRD,Malaysia Airlines,298,96,A1,en_route,suspected,criminal,unknown,,,,,,,,,,
2014-03-08,Boeing 777-2H6ER,South China Sea,15.49,114.40,"Malaysia, Pacific Ocean",9M-MRO,Malaysia Airlines,239,87,A1,en_route,unknown,unknown,unknown,"Malaysia Airlines Flight MH-370 from Kuala Lumpur, Malaysia to Beijing, China was reported missing. There were 227 passengers and 12 crew members on board. Unconfirmed media reports suggest that the airplane climbed to 45,000 feet, above the approved altitude limit for a Boeing 777-200, soon after it disappeared from civilian radar. The plane then descended unevenly to 23,000 feet. The plane was reportedly last recorded flying at 29,500 feet when radar contact was lost.",,,,,,,,,
2014-02-16,DHC-6 Twin Otter 300,near Sandhikhark,27.97,83.14,Nepal,9N-ABB,Nepal Airlines,18,31,A1,en_route,suspected,weather,icing,Flight RA-183 was a domestic flight from Kathmandu to Jumla with an en route stop at Pokhara. The airplane took off from Pokhara at 12:43. Last radio contact was at 13:13. The airplane did not arrive at the scheduled arrival time of 13:45. The wreckage was located the following morning at an altitude of 7000 feet (2130 m). There were no surivors. On Feb 17th 2014 listeners on frequency reported that the aircraft attempted to divert to Bhairahawa Airport due to icing after the aircraft had flown into freezing rain.,,,,,,,,,
2013-11-29,Embraer E190,Namibia,-22.96,18.49,Namibia,C9-EMC,Mozambique Airlines,33,39,A1,en_route,unknown,unknown,unknown,,,,,,,,,,
2013-11-17,Boeing 747-53A,Kazan,55.83,49.07,Russia,VQ-BBN,Tatarstan Airlines,50,45,A1,landing,unknown,unknown,pilot or mechanical error,,,,,,,,,,
2013-10-16,ATR-72,Mekong River,16.34,103.08,Laos,RDPL-34233,Laos Airlines,49,45,A1,landing,suspected,weather,bad weather,,,,,,,,,,
2013-07-07,DHC-3T Texas Turbine Otter,Soldotna Airport,60.48,-151.03,USA,N93PC,Rediske Air,10,26,A1,takeoff,unknown,unknown,unknown,,,,,,,,,,
2013-07-06,Boeing 777-28EER,San Franciscp,37.77,-122.42,USA,HL7742,Asiana Airlines,2,17,A1,landing,suspected,human_error,pilot error,,,,,,,,,,
2013-02-13,Antonov 24RV,near Donetsk Airport,48.07,37.75,Ukraine,UR-WRA,South Airlines,5,21,A1,landing,confirmed,human_error,pilot error,"""unprepared crew""",,,,,,,,,
2013-01-29,Canadair CL-600-2B19 Regional,"near Almaty Airport, Kazakhstan",43.35,77.03,Kazakhstan,UP-CJ006,SCAT Airlines,21,33,A1,approach,suspected,weather,bad weather,,,,,,,,,,
2012-12-25,Fokker 100,near Heho Airport,20.74,96.79,Myanmar,XY-AGC,Air Bagan,2,17,A1,landing,unknown,unknown,collision,"one passenger, a tour guide, was killed. A person who was travelling on a motor cycle on the ground was hit by the aircraft as it landed and was also killed. - Myanmar Information Ministry stated that the pilots mistook a road for the Airport's runway in conditions described by the airline as heavy fog and landed the aircraft in a rice field",,,,,,,,,
2012-12-22,Swearingen SA227-AC Metro III,Sanikiluaq Airport,56.54,-79.25,Canada,C-GFWX,"Perimeter Aviation, operating for Kivalliq Air",1,15,A1,landing,unknown,unknown,unknown,"one passenger, an infant, was fatally injured. The aircraft came to a stop approximately 150 to 200 metres past the end of the intended runway surface.",,,,,,,,,
2012-09-28,Dornier 228-202,near Kathmandu-Tribhuvan Airport,27.70,85.36,Nepal,9N-AHA,Sita Air,19,32,A1,initial_climb,suspected,mechanical,bird strike,"Three minutes after take-off, on their way back to the Airport, the aircraft crashed on the banks of the Manohara river and caught fire. Rumours about brid strike are unconfirmed",,,,,,,,,
2012-09-12,Antonov 28,near Palana Airport,59.08,159.89,Russia,RA-28715,Petropavlovsk-Kamchatsky Air Ent.,10,26,A1,approach,confirmed,human_error,pilot & crew error,,,,,,,,,,
2012-08-22,Let L-410UVP-E9,Ngerende Airport,-1.09,35.20,Kenya,5Y-UVP,Mombasa Air Safari,4,20,A1,takeoff,unknown,unknown,unknown,"""It was taking off for another airstrip when the pilots apparently lost control of the airplane on takeoff.""",,,,,,,,,
2012-08-19,Antonov 26-100,near Talodi,10.64,30.38,Sudan,ST-ARL,Alfa Airlines,32,38,A1,approach,suspected,weather,dust storm,The airplane carried Sudanese government officials to attend a function marking the Muslim Eid al-Fitr holiday,,,,,,,,,
2012-06-29,Embraer ERJ 190-100 LR (ERJ-1,Hotan Airport,37.04,79.87,China,B-3171,Tianjin Airlines,2,17,H2,en_route,confirmed,criminal,hijacking,According to media reports the hijackers carried explosives and had attempted to break into the airplane's cockpit with a crutch.,,,,,,,,,
2012-06-03,MD-83,near Lagos Murtala Muhammed International Airport,6.57,3.32,Nigeria,5N-RAM,Dana Air,163,74,A1,approach,suspected,mechanical,engine failure,"crashed into a crowded neighbourhood near the Airport, apparently landing on its tail and causing a large fire. Crowds attempted to bring hoses to the site while soldiers attempted to disperse onlookers with punches and rubber whips. The onlookers then threw stones at the soldiers in retaliation. Water for firefighting was scarce for several hours due to the city's shortage of fire trucks, and civilians attempted to fight the fire by hand with water from plastic buckets",,,,,,,,,
2012-05-14,Dornier 228-212,near Jomsom Airport,28.78,83.72,Nepal,9N-AIG,Agni Air,15,29,A1,approach,unknown,unknown,collision,"Among others the crash also claimed the lives of Taruni Sachdev, a 14-year-old child actress from India, and her mother.",,,,,,,,,
2012-04-20,Boeing 737-236,near Islamabad-Benazir Bhutto International Airport,33.62,73.10,Pakistan,AP-BKC,Bhoja Airlines,127,66,A1,approach,suspected,human_error,maintenance & crew error,"- This was Bhoja Airlines' inaugural flight on that route. - It was the second-deadliest aviation accident in Pakistan. - eyewitnesses stated that the aircraft may have been struck by lightning prior to the crash, describing it as a ""ball of fire."" - Farooq Bhoja, the owner of Bhoja Air, has been put on the Exit Control List, meaning he may not leave the country while the criminal investigation is underway against him and the airline.",,,,,,,,,
2012-04-02,ATR-72-201,near Tyumen Airport,57.18,65.35,Russia,VP-BYZ,UTAir,33,39,A1,initial_climb,suspected,human_error,maintenance & crew error,,,,,,,,,,
2011-10-13,DHC-8-102,near Madang Airport,-5.21,145.79,Papua New Guinea,P2-MCJ,Airlines PNG,28,36,A1,approach,suspected,mechanical,engline loss,"the pilot-in-command  who was the handling pilot, was hand-flying the aircraft because the autopilot was unserviceable. After the crash, Airlines PNG decided to ground its entire fleet of 12 Dash 8s until further notice",,,,,,,,,
2011-09-29,CASA/Nurtanio NC-212 Aviocar 2,near Kutacane-Alas Leuser Airport ,3.39,97.86,Indonesia,PK-TLF,Nusantara Buana Air,18,31,A1,en_route,unknown,unknown,collision,,,,,,,,,,
2011-09-25,Beechcraft 1900D,near Kathmandu-Tribhuvan Airport,27.70,85.36,Nepal,9N-AEK,Buddha Air,19,32,A1,approach,suspected,human_error,pilot & crew error,tourist sightseeing flight,,,,,,,,,
2011-09-20,Beechcraft 99A,near Milot,19.61,-72.21,Haiti,HH-APA,SALSA d'Haiti,3,19,A1,en_route,unknown,unknown,collision,,,,,,,,,,
2011-09-07,Yakovlev 42D,near Yaroslavl-Tunoshna Airport ,57.56,40.17,Russia,RA-42434,YAK Service,44,43,A1,initial_climb,confirmed,human_error,pilot & crew error,"The airplane carried members of the Lokomotiv Yaroslavl ice hockey professional  team for a match in Minsk. It was later revealed that the pilots were illegally flying the plane, having falsified needed documents to gain permission to fly the plane.",,,,,,,,,
2011-09-06,Swearingen SA227-BC Metro III,near Trinidad Airport,10.60,-61.34,Bolivia,CP-2548,Aerocon,8,24,A1,approach,unknown,unknown,unknown,"sole survivor found on September 9. The crash was heard by two fishermen, who informed the authorities of the approximate location of the crash",,,,,,,,,
2011-08-20,Boeing 737-210C,near Resolute Airport,74.72,-94.97,Canada,C-GNWN,First Air,12,27,A1,approach,suspected,human_error,pilot & crew error,"The Canadian Forces were conducting Operation Nanook 2011 nearby, which was about to simulate an air disaster in the Resolute Bay area and Royal Canadian Air Force firefighters were the first to respond and reach the crash site",,,,,,,,,
2011-07-13,Let L-410UVP-E20,near Recife-Guararapes International Airport,-8.13,-34.92,Brazil,PR-NOB,NOAR Linhas Aéreas,16,30,A1,initial_climb,suspected,mechanical,engine failure,,,,,,,,,,
2011-07-11,Antonov 24RV,near Strezhevoy,60.72,77.58,Russia,RA-47302,Angara Airlines,7,23,A1,en_route,confirmed,human_error,maintenance & crew error,A criminal investigation was opened and two officials of Angara Airlines were charged.,,,,,,,,,
2011-07-08,Boeing 727-022 (WL),Kisangani-Bangoka International Airport,0.49,25.33,Congo (Democratic Republic),9Q-COP,Hewa Bora Airways,77,54,A1,landing,suspected,weather,bad weather,investigation found that the captain of the aircraft and the tower controllers were not licenced.,,,,,,,,,
2011-06-20,Tupolev 134A-3,near Petrozavodsk Airport,61.88,34.15,Russia,RA-65691,"RusAir, operating for RusLine",47,44,A1,approach,confirmed,human_error,pilot & crew error,"As a result of the crash, all Tu-134s were to be withdrawn from commercial service in Russia.",,,,,,,,,
2011-05-18,Saab 340A,"near Prahuaniyeu, RN",ERROR,ERROR,Argentina,LV-CEJ,SOL Líneas Aéreas,22,33,A1,en_route,probable,mechanical,mechanical failure,,,,,,,,,,
2011-05-07,Xian MA60,near Kaimana-Utarom Airport,-3.64,133.70,Indonesia,PK-MZK,Merpati Nusantara,25,35,A1,approach,confirmed,human_error,pilot error,,,,,,,,,,
2011-04-04,Canadair CL-600-2B19 Regional,Kinshasa-N'Djili Airport ,-4.39,15.45,Congo (Democratic Republic),4L-GAE,"Georgian Airways, operating for UN",32,38,A1,landing,suspected,weather,low visibility,The airplane operated on behalf of the United Nations Organization Stabilization Mission in the Democratic Republic of the Congo. Only 1 survivor.,,,,,,,,,
2011-02-14,Let L-410UVP-E20,near Cerro de Hula,13.92,-87.24,Honduras,HR-AUQ,Central American Airways,14,29,A1,en_route,unknown,unknown,collision,"Among the dead were Rodolfo Rovelo, Honduran Assistant Secretary for Public Works, and Jose Israel Salinas, leader of the United Workers Federation of Honduras, Plutarco Molina Castellanos, CEO of Constructora William - Molina, and Former finance minister Carlos Chain. In response to the incident, the government of Honduras declared three days of national mourning for the deceased government officials.",,,,,,,,,
2011-02-10,Swearingen SA227-BC Metro III,Cork Airport,51.84,-8.49,Ireland,EC-ITP,"Flightline, operating for Manx2",6,22,A1,landing,suspected,weather,low visibility,crashed on its third attempt to land. Pilot had recently been promoted from co-pilot.,,,,,,,,,
2011-01-09,Boeing 727-286,near Urmia (Orumiyeh) Airport,37.66,45.06,Iran,EP-IRP,Iran Air,77,54,A1,approach,suspected,weather,low visibility,,,,,,,,,,
2011-01-01,Tupolev 154B-2,Surgut Airport,61.34,73.41,Russia,RA-85588,Kolavia,3,19,A1,grounded,probable,mechanical,electric fire,,,,,,,,,,
2010-12-04,Tupolev 154M,Moskva-Domodedovo Airport,55.41,37.90,Russia,RA-85744,"Aeroflot, North Kavkaz Civil Aviation Directorate, operating for Dagestan",2,17,A1,landing,confirmed,mechanical,mechanical failure,"This was the same aircraft (RA-85744) that was used to transport the Belgium national football team from Brussels to Voronezh on November 16, 2010 for their match against Russia.",,,,,,,,,
2010-11-04,ATR-72-212,"near Guasimal, Sancti Spiritus Province",21.74,-79.46,Cuba,CU-T1549,Aerocaribbean,68,51,A1,en_route,confirmed,human_error,pilot & crew error,no survivors,,,,,,,,,
2010-09-13,ATR-42-320,near Puerto Ordaz Airport ,8.29,-62.76,Venuzuela,YV1010,Conviasa,17,31,A1,approach,unknown,unknown,unknown,unusual that there was no further information noted about the crash other than it missed the runway,,,,,,,,,
2010-08-24,Embraer ERJ 190-100 LR (ERJ-1,near Yichun Lindu Airport,47.72,128.83,China,B-3130,Henan Airlines,44,43,A1,landing,confirmed,human_error,pilot error,"The reported visibility of 2800 m was below the minimum of 3600 m. A contributing factor to the accident was Henan Airlines' weak safety management. The parent company, Shenzen Airlines failed to supervise the safety management at Henan Airlines.",,,,,,,,,
2010-08-16,Boeing 737-73V (WL),San Andres Island-Gustavo Rojas Pinilla Airport,12.59,-81.70,Columbia,HK-4682,AIRES Colombia,2,17,A1,landing,confirmed,human_error,pilot error,Impact of hit made plane break into 3 parts,,,,,,,,,
2010-07-28,Airbus A321-231,near Islamabad-Benazir Bhutto International Airport,33.62,73.10,Pakistan,AP-BJB,Airblue,152,72,A1,approach,confirmed,human_error,pilot error,"The captain decided to fly a non-standard self-created PBD (Place Bearing Distance, RNAV waypoint)-based approach. He had been bullying the first officer throughout the flight so the first officer did not stand up to the captain's decisions",,,,,,,,,
2010-05-22,Boeing 737-8HG (WL),Mangalore-Bajpe Airport,12.95,74.87,India,VT-AXV,Air India Express,158,73,A1,landing,confirmed,human_error,pilot error,Airport has a table top runway – aerodrome located on hilltop. Valleys 200ft to 250ft immediately beyond paved surface of runway,,,,,,,,,
2010-05-17,Antonov 24B,Salang Pass,35.31,69.04,Afghanistan,YA-PIS,Pamir Airways,44,43,A1,en_route,suspected,weather,low visibility,wreckage was found 2 days later scattered over the mountainside,,,,,,,,,
2010-05-12,Airbus A330-202,near Tripoli International Airport,32.67,13.16,libya,5A-ONG,Afriqiyah Airways,103,61,A1,approach,confirmed,weather,low visibility,one passenger survived,,,,,,,,,
2010-01-25,Boeing 737-8AS (WL),near Beirut International Airport,33.82,35.49,Lebanon,ET-ANB,Ethiopian Airlines,90,57,A1,initial_climb,confirmed,human_error,pilot & crew error,The flight crew failure to abide by CRM principles of mutual support,,,,,,,,,
2009-11-12,Canadair CL-600-2B19 Regional,Kigali Airport,-1.96,30.14,Rwanda,5Y-JLD,"JetLink Express, operating for Rwandair Express",1,15,A1,grounded,confirmed,mechanical,mechanical failure,Hit the VIP wing of the building. The nose of the plane was buried inside the building up to and including the left hand forward passenger door.,,,,,,,,,
2009-08-04,ATR-72-212,Koh Samui Airport,9.55,100.06,Thailand,HS-PGL,Bangkok Airways,1,15,A1,landing,unknown,unknown,unknown,Plane collided with air control tower,,,,,,,,,
2009-08-02,DHC-6 Twin Otter 300,near Oksibil Airport,-4.91,140.63,Indonesia,PK-NVC,Merpati Nusantara,15,29,A1,en_route,suspected,human_error,pilot & crew error,,,,,,,,,,
2009-07-24,Ilyushin 62M,Mashhad-Shahid Hashemi Nejad Airport ,36.23,59.64,Iran,UP-I6208,Aria Air,16,30,A1,landing,suspected,human_error,pilot error,Plane collided with a wall located more than 1100 meters from runway,,,,,,,,,
2009-07-15,Tupolev 154M,near Qazvin,36.27,50.00,Iran,EP-CPG,Caspian Airlines,168,75,A1,en_route,unknown,unknown,unknown,"Plane entered a rapid descent to 14000 feet in just 90 seconds (which would be an average of 222 feet/sec, 67m/sec). Plane crash created a 10m deep crater",,,,,,,,,
2009-06-30,Airbus A310-324,near Mitsamiouli,-11.39,43.30,Comoros,7O-ADJ,Yemenia Airways,152,72,A1,approach,probable,human_error,pilot & crew error,One surviver – a young girl,,,,,,,,,
2009-06-01,Airbus A330-203,near São Pedro,-22.53,-47.96,Atlantic Ocean (nr. Brazil),F-GZCP,Air France,228,85,A1,en_route,confirmed,human_error,maintenance & crew error,The obstruction of the Pitot probes by ice crystals during cruise was a phenomenon that was known but misunderstood by the aviation community at the time of the accident,,,,,,,,,
2009-02-25,Boeing 737-8F2,near Amsterdam-Schiphol International Airport,52.31,4.76,Netherlands,TC-JGE,Turkish Airlines,9,25,A1,approach,confirmed,mechanical,mechanical failure,Plane was being flown by a pilot in training,,,,,,,,,
2009-02-12,DHC-8-402 Q400,near Buffalo Niagara International Airport,42.94,-78.73,USA,N200WQ,Colgan Air,50,45,A1,approach,probable,human_error,pilot error,"Noted that the flight crew didn't adhere to cockpit procedures, and Colgan Air’s inadequate procedures for airspeed selection and management during approaches in icing conditions",,,,,,,,,
2009-02-07,Embraer 110P1 Bandeirante,near Santo António,1.64,7.42,Brazil,PT-SEA,Manaus Aerotáxi,24,34,A1,en_route,confirmed,mechanical,overloaded,"Plane has maximum passenger seats of 19, but 26 were travelling including 8 children. Total plane weight was 6414kg, compared to the max weight allowed of 5670kg",,,,,,,,,
2008-10-08,DHC-6 Twin Otter 300,"Lukla,Tenzin Norgey Airport",27.69,86.73,Nepal,9N-AFE,Yeti Airlines,18,31,A1,landing,probable,human_error,pilot & crew error,,,,,,,,,,
2008-09-14,Boeing 737-505,near Perm Airport,57.92,56.02,Russia,VP-BKO,Aeroflot-Nord,88,57,A1,approach,probable,human_error,pilot error,worst ever accident involving the Boeing 737–500 (Wikipedia),,,,,,,,,
2008-08-24,Boeing 737-219,near Bishkek-Manas International Airport,43.06,74.47,Kyrgyzstan,EX-009,Itek Air,65,50,A1,approach,confirmed,human_error,pilot & crew error,,,,,,,,,,
2008-08-20,MD-82,Adolfo Suárez Madrid-Barajas Airport,40.48,-3.57,Spain,EC-HFP,Spanair,154,72,A1,takeoff,confirmed,human_error,pilot & crew error,,,,,,,,,,
2008-07-10,Beechcraft 99A,near Puerto Montt,-41.47,-72.94,Chile,CC-CFM,Aerocord,9,25,A1,approach,probable,human_error,pilot error,,,,,,,,,,
2008-06-10,Airbus A310-324,Khartoum-Civil Airport,15.59,32.55,Sudan,ST-ATN,Sudan Airways,30,37,A1,landing,confirmed,human_error,pilot & crew error,,,,,,,,,,
2008-05-30,Airbus A320-233,Tegucigalpa-Toncontin Airport ,14.06,-87.22,Honduras,EI-TAF,TACA Airlines,5,21,A1,landing,confirmed,human_error,pilot error,,,,,,,,,,
2008-05-02,Beechcraft 1900C,near Rumbek,6.81,29.68,South Sudan,5Y-FLX,"Flex Air, operating for Southern Sudan Air Connection",21,33,A1,en_route,probable,mechanical,engine failure,"The airplane was carrying a delegation of leaders from the (former rebel) Sudan People's Liberation Movement (SPLM). One of the passengers was Dominic Dim, southern Sudan's minister of defence.",,,,,,,,,
2008-04-16,Antonov 32,near Annobón Island,-1.42,5.62,Equatorial Guinea,3C-5GE,Equatorial Guinea National Guard,13,28,A1,landing,unknown,unknown,unknown,,,,,,,,,,
2008-04-15,DC-9-51,Goma Airport,-1.67,29.24,Congo (Democratic Republic),9Q-CHN,Hewa Bora Airways,40,42,A1,takeoff,unknown,unknown,unknown,"In their 2011 report to Congress, the NTSB classified this accident as a major ongoing investigation in which they were assisting the Democratic Republic of the Congo.",,,,,,,,,
2008-04-03,Antonov 28,Lawa-Antino Airport,29.50,-98.48,Suriname,PZ-TSO,Blue Wing Airlines,19,32,A1,en_route,unknown,unknown,unknown,"The pilot, Soeriani Jhauw-Verkuijl, was the wife of Blue Wing Airlines president Amichand Jhauw.",,,,,,,,,
2008-02-21,ATR-42-300,near Mérida-A Carnevalli Airport ,8.58,-71.16,Venezuela,YV1449,Santa Bárbara Airlines,46,44,A1,en_route,confirmed,human_error,pilot & crew error,Worst ever accident involving the ATR 42. (Wikipedia),,,,,,,,,
2008-01-19,Beechcraft B200 Super King Air,near Bailundo,-12.19,15.84,,D2-FFK,Gira Globo,13,28,A1,approach,probable,human_error,pilot error,,,,,,,,,,
2008-01-04,Let L-410UVP-E3,near Los Roques Airport,11.94,-66.67,Venezuela,YV2081,Transaven,14,29,A1,en_route,confirmed,mechanical,mechanical failure,"The wreckage was not located until a new search operation was started in 2013 using the Sea Scout, a 134-foot survey vessel.",,,,,,,,,
2007-11-30,MD-83,near Isparta Airport,37.86,30.37,Turkey,TC-AKM,"World Focus Airlines, operating for Atlasjet",57,48,A1,approach,probable,human_error,pilot error,"Upon investigation of the black box of the aircraft in Lufthansa laboratories, the cockpit voice recorder device was found to have been inoperative for the 9 days leading up to the accident,[8] in contravention of regulations which specify that it must be made operable within 72 hours of the fault being discovered.[9] In addition, the flight data recorder was not working properly and only contained 15 minutes of flight data.",,,,,,,,,
2007-10-08,Let L-410UVP-E10A,near Cubarral,3.77,-73.83,Colombia,HK-4055,Nacional de Aviación,17,31,A1,en_route,confirmed,human_error,pilot error,,,,,,,,,,
2007-09-16,MD-82,Phuket International Airport,8.11,98.31,Thailand,HS-OMG,One-Two-Go Airlines,90,57,A1,landing,probable,human_error,pilot & crew error,,,,,,,,,,
2007-08-09,DHC-6 Twin Otter 300,near Moorea-Temae Airport ,-17.49,-149.76,French Polynesia,F-OIQI,Air Moorea,20,32,A1,initial_climb,confirmed,mechanical,mechanical failure,,,,,,,,,,
2007-07-17,Airbus A320-233,"São Paulo-Congonhas Airport, SP",-23.63,-46.66,Brazil,PR-MBK,TAM Brasil,199,81,A1,landing,unknown,unknown,unknown,"Since the runway is at a higher elevation than the surrounding street and residential area, the A320 probably became airborne, cleared the perimeter fence and a busy highway and collided with a concrete building, bursting into flames.",,,,,,,,,
2007-06-28,Boeing 737-2M2,M'Banza Congo Airport,-6.27,14.25,Angola,D2-TBP,TAAG Angola Airlines,6,22,A1,landing,unknown,unknown,unknown,"The plane collided with two cars and a building, resulting in the deaths of four passengers and one crew member.",,,,,,,,,
2007-06-25,Antonov 24B,Phnom Damrey,11.55,104.84,Cambodia,XU-U4A,PMT Air,22,33,A1,en_route,unknown,unknown,unknown,"Bad weather and the location of crash site, deep in the jungle, made the efforts of search and rescue teams difficult.",,,,,,,,,
2007-06-21,Let L-410UVP,near Kamina,-8.74,24.99,DR Congo,9Q-CEU,Karibu Airways,1,15,A1,en_route,unknown,unknown,unknown,,,,,,,,,,
2007-05-05,Boeing 737-8AL,near Douala Airport,4.03,9.73,Cameroon,5Y-KYA,Kenya Airways,114,63,A1,en_route,probable,human_error,pilot error,,,,,,,,,,
2007-03-17,Tupolev 134A-3,Samara Airport,53.51,50.16,Russia,RA-65021,UTAir,6,22,A1,landing,confirmed,human_error,pilot & crew error,,,,,,,,,,
2007-03-07,Boeing 737-497,Yogyakarta-Adisutjipto Airport ,-7.79,110.43,Indonesia,PK-GZC,Garuda,21,33,A1,landing,confirmed,human_error,pilot error,,,,,,,,,,
2007-01-01,Boeing 737-4Q8,near Pambauang,-3.49,118.90,Indonesia,PK-KKW,AdamAir,102,60,A1,en_route,confirmed,human_error,pilot error,the worst ever crash involving a 737-400 (Wikipedia),,,,,,,,,
2006-11-17,DHC-6 Twin Otter 300,Puncak Jaya,-4.08,137.16,Indonesia,PK-YPY,Trigana Air Service,12,27,A1,en_route,unknown,unknown,unknown,aircraft was chartered by the regency administration to take officials to talk with residents in several districts. The wreckage was found the next morning.,,,,,,,,,
2006-11-09,Let L-410UVP,near Walikale,-1.43,28.07,Congo (Democratic Republic),9Q-CBQ,Gomair,1,15,A1,landing,suspected,mechanical,engine failure,"runway strip doubled as a traffic road. traffic resumed on road after plane took off. plane returned because of engine problems, during emergency landing it crashed into vehicles and killed 1 passenger in a vehicle).",,,,,,,,,
2006-10-29,Boeing 737-2B7,Abuja International Airport,9.01,7.26,Nigeria,5N-BFK,ADC Airlines,96,59,A1,initial_climb,confirmed,human_error,pilot error,,,,,,,,,,
2006-10-10,British Aerospace BAe-146-200A,Stord-Sørstokken Airport ,59.79,5.34,Norway,OY-CRG,Atlantic Airways,4,20,A1,landing,probable,mechanical,mechanical failure,,,,,,,,,,
2006-09-29,Boeing 737-8EH,"near Peixoto Azevedo, MT",-10.24,-54.99,Brazil,PR-GTD,Gol,154,72,A1,en_route,probable,human_error,atc error,air traffic controllers directed two planes flying in opposite directions to fly at the same altitude resulting in a mid air collision,,,,,,,,,
2006-09-01,Tupolev 154M,Mashad Airport,36.23,59.64,Iran,EP-MCF,Iran Air Tours,28,36,A1,landing,unknown,unknown,unknown,,,,,,,,,,
2006-08-27,Canadair CL-600-2B19 Regional,"Lexington-Blue Grass Airport, KY",38.04,-84.60,USA,N431CA,"Comair, operating for Delta Connection",49,45,A1,takeoff,confirmed,human_error,pilot & crew error,,,,,,,,,,
2006-08-22,Tupolev 154M,near Donetsk,48.02,37.80,Russia,RA-85185,Pulkovo,170,75,A1,en_route,confirmed,human_error,pilot error,,,,,,,,,,
2006-08-03,Antonov 28,near Bukavu,-2.51,28.85,Congo (Democratic Republic),9Q-COM,TRACEP-Congo Aviation,17,31,A1,en_route,unknown,unknown,unknown,in 2006 the Antonov Aviation Scientific Technical Complex informed the State Administration of Ukraine for Aviation Safety Oversight that the plane was not considered to be airworthy.,,,,,,,,,
2006-07-10,Fokker F-27 Friendship 200,near Multan Airport,30.20,71.43,Pakistan,AP-BAL,Pakistan International Airlines,45,44,A1,initial_climb,confirmed,human_error,maintenance & crew error,,,,,,,,,,
2006-07-09,Airbus A310-324,Irkutsk Airport,52.27,104.38,Russia,F-OGYP,Sibir Airlines,125,66,A1,landing,confirmed,human_error,pilot & crew error,"The airplane went off the runway at the high speed of ~180 km/h, hit the concrete fence and buildings, crashed and caught fire.",,,,,,,,,
2006-06-21,DHC-6 Twin Otter 300,near Jumla Airport,29.27,82.19,Nepal,9N-AEQ,Yeti Airlines,9,25,A1,approach,probable,human_error,pilot & crew error,,,,,,,,,,
2006-05-03,Airbus A320-211,near Adler/Sochi Airport,43.45,39.94,Russia,EK32009,Armavia,113,63,A1,approach,confirmed,human_error,pilot error,pilot was in a 'a psychoemotional stress condition',,,,,,,,,
2006-04-24,Antonov 32B,Lashkar Gah,31.61,64.41,Afghanistan,ZS-PDV,"Valan International Cargo Charter, operating for US Department of State",5,21,A1,landing,suspected,human_error,unknown,It was carrying a team from the US Bureau of International Narcotics and Law Enforcement Affairs,,,,,,,,,
2006-04-16,Fokker F-27 Friendship 400M,Guayaramerín Airport,-10.88,-65.38,Bolivia,FAB-91,TAM – Transporte Aéreo Militar,1,15,A1,landing,suspected,weather,bad weather,An 80-year old woman died of a heart attack a few hours after the accident.,,,,,,,,,
2006-03-31,Let L-410UVP-E20,"near Rio Bonito, RJ",-22.72,-42.63,Brazil,PT-FSE,TEAM Linhas Aéreas,19,32,A1,en_route,probable,human_error,pilot & crew error,,,,,,,,,,
2005-12-23,Antonov 140-100,near Nardaran,40.57,49.99,Azerbaijan,4K-AZ48,Azerbaijan Airlines,23,34,A1,en_route,suspected,mechanical,unknown,crew had difficulty judging their flight parameters while flying over the Caspian Sea at night.,,,,,,,,,
2005-12-19,Grumman G-73T Turbo Mallard,"Miami, FL",25.7616798,-80.1917902,USA,N2969,Chalk's,20,32,A1,initial_climb,probable,human_error,maintenance & crew error,while in flight the the right wing separated from the fuselage,,,,,,,,,
2005-12-10,DC-9-32,Port Harcourt Airport ,5.01,6.95,Nigeria,5N-BFD,Sosoliso Airlines,108,62,A1,landing,probable,human_error,pilot & crew error,The aircraft disintegrated and caught fire after crashing into an exposed concrete drainage culvert on runway. The cockpit section was found a further 330m from the rest of the wreckage. total wreckage distance was 1120m.,,,,,,,,,
2005-12-08,Boeing 737-7H4,Chicago Midway International Airport,41.79,-87.75,USA,N471WN,Southwest Airlines,1,15,A2,landing,probable,human_error,pilot error,"The airplane departed the end of the runway, rolled through a blast fence, a perimeter fence, and onto a roadway. A six-year-old boy in one of the vehicles was killed.",,,,,,,,,
2005-10-22,Boeing 737-2L9,"Lisa Village, Ogun State",6.64,3.48,Nigeria,5N-BFN,Bellview Airlines,117,64,A1,en_route,suspected,human_error,pilot error,"The AIB, after an extensive investigation, could not identify conclusive evidence to explain the cause of the accident",,,,,,,,,
2005-09-09,Antonov 26B,near Brazzaville,-4.26,15.24,Congo (Democratic Republic),9Q-CFD,Air Kasai,13,28,A1,en_route,unknown,unknown,unknown,"""There is some uncertainty with regards to the exact identity of this plane.'",,,,,,,,,
2005-09-05,Antonov 26B,near Isiro-Matari Airport ,ERROR,ERROR,Congo (Democratic Republic),ER-AZT,"Aerocom, operating for Galaxy Incorporation",11,27,A1,approach,suspected,weather,low visibility,"In September 2004 the certificate of airworthiness of the plane expired, but continued operations in Congo.",,,,,,,,,
2005-09-05,Boeing 737-230,Medan-Polonia Airport ,3.56,98.68,Indonesia,PK-RIM,Mandala Airlines,149,71,A1,initial_climb,probable,human_error,pilot & crew error,plane failed to become airborne. overran the runway and caught fire. 49 people on the ground people were killed.,,,,,,,,,
2005-08-23,Boeing 737-244,near Pucallpa Cap Fap David Abenzur Rengifo Airport,-8.39,-74.58,Peru,OB-1809-P,TANS Perú,40,42,A1,approach,confirmed,human_error,pilot & crew error,It appeared that a copilot under instruction was in the right hand seat while the regular copilot was in the passenger cabin at the time of the accident.,,,,,,,,,
2005-08-16,MD-82,near Machiques,10.06,-72.55,Venezuela,HK-4374X,West Caribbean Airways,160,73,A1,en_route,confirmed,human_error,emergency response error,,,,,,,,,,
2005-08-14,Boeing 737-31S,near Grammatikos,38.20,23.96,Greece,5B-DBY,Helios Airways,121,65,A1,en_route,probable,human_error,maintenance & crew error,captain and co-captain became unconscious from  lack of oxygen. Plane went into autopilot and continued to fly til running out of fuel. all on board were killed.,,,,,,,,,
2005-08-06,ATR-72-202,near Palermo-Punta Raisi Airport,38.19,13.10,Italy,TS-LBB,Tuninter,16,30,A1,en_route,confirmed,human_error,maintenance & crew error,,,,,,,,,,
2005-07-16,Antonov 24B,near Baney,16.26,-3.18,Equatorial Guinea,3C-VQR,Equatorial Express Airlines,60,49,A1,en_route,unknown,unknown,unknown,There are conflicting reports regarding the number of persons on board. Aircraft was reportedly not undergoing the 1000-hour maintenance checks.,,,,,,,,,
2005-06-02,Antonov 24B,Khartoum-Civil Airport ,15.59,32.55,Sudan,ST-WAL,"al-Majal Company, operating for Marsland Aviation",7,23,A1,takeoff,probable,mechanical,engine failure,,,,,,,,,,
2005-05-25,Antonov 12BP,near Biega,41.55,-72.64,Congo (Democratic Republic),9Q-CVG,Victoria Air,27,36,A1,en_route,unknown,unknown,unknown,Crashed some 30 minutes after takeoff in a mountainous and wooded area.,,,,,,,,,
2005-05-07,Swearingen SA227-DC Metro 23,near Lockhart River Airport,-12.79,143.30,Australia,VH-TFU,"Transair Australia, operating for Aero-Tropics",15,29,A1,approach,probable,human_error,pilot & crew error,plane flew into the side of a heavily timbered ridge in the Iron Range National Park. All killed. Crew was aware that copilot had no formal training and limited experience to act effectively during the type of landing planned,,,,,,,,,
2005-05-05,Antonov 26,near Kisangani,0.52,25.20,Congo (Democratic Republic),,"Aeroworld, operating for Kisangani Airlift",10,26,A1,approach,suspected,human_error,pilot error,The identity of the plane has not been confirmed,,,,,,,,,
2005-04-20,Boeing 707-3J9C,Tehran-Mehrabad Airport ,35.69,51.31,Iran,EP-SHE,Saha Air,3,19,A1,landing,probable,mechanical,mechanical failure,Three passengers were killed after they fell in the river during the evacuation.,,,,,,,,,
2005-04-12,DHC-6 Twin Otter 100,near Enarotali,-3.94,136.38,Indonesia,PK-LTZ,GT Air,17,31,A1,en_route,unknown,unknown,unknown,Plane did not arrive at destination. The wreckage was found 5 days later.,,,,,,,,,
2005-03-26,Let L-410UVP-E,Providencia-El Embrujo Airport ,13.36,-81.36,Colombia,HK-4146,West Caribbean Airways,9,25,A1,initial_climb,probable,mechanical,engine failure,,,,,,,,,,
2005-03-16,Antonov 24RV,near Varandey,68.82,58.07,Russia,RA-46489,"Kuzbassaviafrakht, operating for Regional Airlines",28,36,A1,approach,suspected,human_error,pilot & crew error,,,,,,,,,,
2005-02-22,DHC-6 Twin Otter 300,near Wobegon,26.4935436,-81.712765,Papua New Guinea,P2-MFQ,MAF,2,17,A1,approach,suspected,weather,low visibility,runway can only be used in one direction for landing and takeoff because it has a 10 degrees slope. Both pilots died in the accident. The survivors were able to walk to the village.,,,,,,,,,
2005-02-03,Boeing 737-242,near Kabul,34.56,69.21,Afghanistan,EX-037,"Phoenix Aviation, operating for Kam Air",104,61,A1,en_route,suspected,weather,low visibility,The wreckage was found after two days. all crew and passengers killed,,,,,,,,,
2004-11-30,MD-82,Solo City-Adi Sumarmo Airport,-7.51,110.75,Indonesia,PK-LMN,Lion Air,25,35,A1,landing,suspected,weather,wet runway,,,,,,,,,,
2004-11-30,MBB HFB-320 Hansa Jet,"Howell Island, MO",38.66,-90.71,USA,N604GA,Grand Aire Express,2,17,A1,en_route,probable,human_error,pilot & maintenance error,,,,,,,,,,
2004-11-28,Canadair CL-600-2A12 Challenger,Montrose Cou...,38.47,-108.14,USA,N873G,"Hop-A-Jet Inc, operating for Global Aviation",3,19,A1,takeoff,probable,human_error,crew error,,,,,,,,,,
2004-11-21,Canadair CL-600-2B19 Regional,near Baotou Airport,40.57,110.00,China,B-3072,China Yunnan,55,47,A1,initial_climb,confirmed,weather,icing,,,,,,,,,,
2004-11-18,British Aerospace 3101 Jetstream,Caracas-Simón Bolívar International Airport ,10.60,-67.01,Venezuela,YV-1083C,Venezolana,4,20,A1,landing,confirmed,weather,low visibility,,,,,,,,,,
2004-10-19,British Aerospace 3201 Jetstream,"near Kirksville Regional Airport, MO",40.09,-92.54,USA,N875JX,"Corporate Airlines, operating for AmericanConnection",13,28,A1,approach,confirmed,human_error,pilot error,,,,,,,,,,
2004-08-24,Tupolev 134A-3,near Buchalki,53.77,38.73,Russia,RA-65080,Volga-Aviaexpress,44,43,C1,en_route,confirmed,criminal,"collision, suicide bombing",,,,,,,,,,
2004-08-24,Tupolev 154B-2,near Gluboki,48.53,40.32,Russia,RA-85556,Sibir Airlines,46,44,C1,en_route,confirmed,criminal,"collision, suicide bombing",suicide bomber bribed airline employee in charge of boardings to let her on the plane,,,,,,,,,
2004-06-26,Lisunov Li-2T,near Moskva-Myachkovo Airport,55.60,37.27,Russia,RA-1300K,FLA RF,2,17,A1,en_route,probable,mechanical,engine failure,a dog was killed on the ground,,,,,,,,,
2004-06-08,Hawker Siddeley HS-748-232 Srs,near Libreville Airport,0.46,9.41,Gabon,TR-LFW,Gabon Express,19,32,A1,en_route,suspected,mechanical,mechanical failure,,,,,,,,,,
2004-05-14,Embraer 120ER Brasilia,"near Manaus, AM",-3.12,-60.02,Brazil,PT-WRO,Rico Linhas Aéreas,33,39,A1,approach,unknown,unknown,unknown,,,,,,,,,,
2004-05-11,Antonov 12BP,near Dalang,12.05,29.66,Sudan,ST-SIG,El Magal Aviation,1,15,A1,unknown,probable,weather,bad weather,,,,,,,,,,
2004-02-10,Fokker 50,near Sharjah Airport,25.33,55.51,UAE,EP-LCA,Kish Air,43,43,A1,approach,unknown,unknown,unknown,,,,,,,,,,
2004-01-28,Beechcraft 1900D,near Ghardaia-Noumerate Airport ,32.38,3.80,Algeria,7T-VIN,Tassili Airlines,1,15,A1,approach,probable,human_error,atc error,,,,,,,,,,
2004-01-13,Yakovlev 40,Tashkent Airport,41.26,69.28,Uzbekistan,UK-87985,Uzbekistan Airways,37,40,A1,landing,probable,weather,bad weather,,,,,,,,,,
2004-01-03,Boeing 737-3Q8,near Sharm el Sheikh,27.92,34.33,Egypt,SU-ZCF,Flash Airlines,148,71,A1,en_route,unknown,unknown,unknown,,,,,,,,,,
2003-12-25,Boeing 727-223,Cotonou Airport,6.36,2.38,Benin,3X-GDO,Union de Transports Aériens,141,69,A1,takeoff,confirmed,human_error,overloaded,,,,,,,,,,
2003-12-16,DHC-3 Turbo Otter,"near Jellicoe, ON",49.69,-87.53,Canada,C-GOFF,Huron Air,2,17,A1,takeoff,probable,human_error,pilot error,,,,,,,,,,
2003-11-08,Shorts SC.7 Skyvan 3M-100,near Ogle,42.00,-89.32,Guyana,8R-GMC,Trans Guyana Airways,2,17,A1,initial_climb,confirmed,mechanical,engine failure,,,,,,,,,,
2003-08-24,Let L-410UVP-E3,near Cap Haitien Airport,19.77,-72.20,Haiti,HH-PRV,Tropical Airways,21,33,A1,en_route,probable,mechanical,mechanical failure,,,,,,,,,,
2003-07-19,Swearingen SA226-TC Metro II,Mount Kenya,-0.15,37.31,Kenya,ZS-OYI,Ryan Blake Air Charter,14,29,A1,en_route,unknown,unknown,unknown,,,,,,,,,,
2003-07-13,Let L-410UVP-E,near San Cristobal,16.74,-92.64,Venezuela,YV-1060CP,Ruiban and Duran,4,20,A1,en_route,unknown,unknown,unknown,,,,,,,,,,
2003-07-08,Boeing 737-2J8C,near Port Sudan,19.59,37.19,Sudan,ST-AFK,Sudan Airways,116,64,A1,approach,confirmed,mechanical,engine failure,,,,,,,,,,
2003-06-22,Canadair CL-600-2B19 Regional,near Brest-Guipavas Airport,48.45,-4.41,France,F-GRJS,Brit Air,1,15,A1,approach,confirmed,human_error,crew error,,,,,,,,,,
2003-05-26,Yakovlev 42D,near Maçka,40.81,39.61,Turkey,UR-42352,Union de Transports Aériens,75,53,A1,approach,probable,human_error,crew error,,,,,,,,,,
2003-03-27,DHC-6 Twin Otter 300,near Mulia,-3.73,137.96,Indonesia,PK-WAY,Air Regional,4,20,A1,en_route,unknown,unknown,unknown,,,,,,,,,,
2003-03-06,Boeing 737-2T4,Tamanrasset Airport ,22.81,5.45,Algeria,7T-VEZ,Air Algérie,102,60,A1,initial_climb,probable,mechanical,engine failure,,,,,,,,,,
2003-01-09,Fokker F-28 Fellowship 1000,near Chachapoyas,-6.2301547,-77.8708478,Peru,OB-1396,TANS Perú,46,44,A1,approach,suspected,human_error,pilot & crew error,,,,,,,,,,
2003-01-08,Avro RJ.100,Diyarbakir Airport,37.9004409,40.1837861,Turkey,TC-THG,Turkish Airlines,75,53,A1,approach,confirmed,weather,low visibility,,,,,,,,,,
2003-01-08,Beechcraft 1900D,Charlotte-Do...,35.23,-80.84,USA,N233YV,"Air Midwest, operating for US Airways Express",21,33,A1,takeoff,confirmed,human_error,airline error,,,,,,,,,,
2002-12-27,Let L-410UVP,near Anjouan,-12.21,44.44,Comoros,9XR-RB,Ocean Airlines,1,15,A1,approach,confirmed,weather,thunderstorm,,,,,,,,,,
2002-12-23,Antonov 140,near Baghrabad,51.93,4.47,Iran,UR-14003,Aeromist Kharkiv,44,43,A1,en_route,confirmed,human_error,pilot error,pilot failed to use GPS,,,,,,,,,
2002-11-28,Let L-410UVP-E20,Mara Intrepids,-1.41,35.11,Kenya,5Y-ONT,Eagle Aviation,1,15,A1,approach,probable,mechanical,engine trouble,,,,,,,,,,
2002-11-11,Fokker F-27 Friendship 600,near Manila Ninoy Aquino International Airport,14.51,121.02,Philippines,RP-C6888,Laoag,19,32,A1,en_route,confirmed,mechanical,engine trouble,,,,,,,,,,
2002-11-06,Fokker 50,near Niederanven,49.65,6.26,Luxembourg,LX-LGB,Luxair,20,32,A1,approach,suspected,human_error,crew error,,,,,,,,,,
2002-10-25,Beechcraft A100 King Air,near Eveleth-Virginia Municipal Airport,47.43,-92.50,USA,N41BE,Aviation Charter,8,24,A1,approach,probable,human_error,crew error,failed to maintain adequate air speed,,,,,,,,,
2002-09-28,DHC-3 Otter,"near Natashquan, QC",50.19,-61.83,Canada,C-FLGA,Deraps Aviation,3,19,A1,approach,probable,human_error,pilot error,,,,,,,,,,
2002-08-30,Embraer 120ER Brasilia,Rio Branco-Pres. Medici Airport,-9.8664025,-67.8973563,Brazil,PT-WRQ,Rico Linhas Aéreas,23,34,A1,approach,suspected,weather,bad weather,,,,,,,,,,
2002-08-29,Antonov 28,near Ayan,56.45,138.17,Russia,RA-28932,Vostok Aviakompania,16,30,A1,approach,confirmed,weather,bad weather,,,,,,,,,,
2002-08-22,DHC-6 Twin Otter 300,near Pokhara,28.24,84.00,Nepal,9N-AFR,Shangri-La Air,18,31,A1,approach,confirmed,weather,bad weather,,,,,,,,,,
2002-07-17,DHC-6 Twin Otter 300,near Surkhet Airport,28.58,81.64,Nepal,9N-AGF,Skyline Airways,4,20,A1,en_route,confirmed,weather,bad weather,,,,,,,,,,
2002-07-01,Tupolev 154M,Überlingen,47.77,9.17,Germany,RA-85816,Bashkirskie Avialinii,69,52,A1,en_route,confirmed,human_error,atc error,,,,,,,,,,
2002-05-25,DHC-6 Twin Otter 300,near Nabire,-3.51,135.75,Indonesia,PK-YPZ,Trigana Air Service,6,22,A1,en_route,confirmed,weather,bad weather,,,,,,,,,,
2002-05-25,Boeing 747-209B,near Penghu Island,23.74,119.61,Pacific Ocean (Taiwan Straight),B-18255,China Airlines,225,85,A1,en_route,probable,mechanical,structural failure,,,,,,,,,,
2002-05-07,MD-82,near Dalian,38.91,121.61,China,B-2138,China Northern,112,63,A1,approach,probable,criminal,fire in the cabin/ insurance fraud,"""Authorities blamed the crash on a fire set by a passenger who bought seven insurance policies before boarding the flight, insuring his life for $170,000.""",,,,,,,,,
2002-05-07,Boeing 737-566,near Tunis-Carthage Airport ,36.85,10.22,Tunisia,SU-GBI,EgyptAir,14,29,A1,approach,unknown,unknown,unknown,,,,,,,,,,
2002-05-04,BAC One-Eleven 525FT,Kano,12.00,8.59,Nigeria,5N-ESF,EAS Airlines,149,71,A1,en_route,probable,mechanical,aircraft stalled,Aircraft had been grounded for 52 days due to engine problems. A new engine was fitted 10 hours before crash,,,,,,,,,
2002-04-15,Boeing 767-2J6ER,near Pusan-Kimhae Airport ,35.17,128.95,South Korea,B-2552,Air China,129,67,A1,approach,confirmed,weather,bad weather,,,,,,,,,,
2002-03-14,Antonov 2R,El Huerto,-33.4227081,-70.6123783,Cuba,CU-T1020,Aerotaxi,16,30,A1,en_route,confirmed,mechanical,wing loss,,,,,,,,,,
2002-02-12,Tupolev 154M,near Sarab-e Do Rah,29.42,-98.49,Iran,EP-MBS,Iran Air Tours,119,65,A1,approach,suspected,weather,bad weather,crashed into Kuh-e Sefid Mountain at 9100 feet. approach was 'non-prescription' = an emergency landing??,,,,,,,,,
2002-01-28,Boeing 727-134,near Ipiales,0.83,-77.64,Colombia,HC-BLF,TAME Ecuador,94,58,A1,approach,suspected,human_error,pilot error,"crew had necessary information, however ""The approach procedure called for a speed of 180 kts, but the actual speed was much higher at 230 knots""",,,,,,,,,
2002-01-17,Fairchild FH-227E,Cerro El Tigre,-7.80,110.37,Colombia,HC-AYM,Petroproduccion,26,35,A1,en_route,suspected,human_error,pilot & crew error,,,,,,,,,,
2002-01-16,Boeing 737-3Q8,near Yokyakarta,-7.7957419,110.3692113,Indonesia,PK-GWA,Garuda,1,15,A1,approach,probable,weather,bad weather,"landed in Bengawan Solo River. Some attempts to restart engines ""were contrary to the procedures contained in the Boeing 737 Operations Manual""",,,,,,,,,
2001-12-16,Let L-410UVP-E,near San Antonio,16.33,-95.22,Colombia,HK-4175X,Heliandes,16,30,A1,en_route,suspected,human_error,pilot error,,,,,,,,,,
2001-11-24,Avro RJ.100,near Zürich-Kloten,47.46,8.56,Switzerland,HB-IXM,Crossair,24,34,A1,approach,probable,human_error,pilot error,,,,,,,,,,
2001-11-19,Ilyushin 18V,near Kalyazin,57.24,37.84,Russia,RA-75840,IRS Aero,27,36,A1,en_route,suspected,human_error,pilot error,,,,,,,,,,
2001-11-12,Airbus A300B4-605R,"Belle Harbor, NY",40.58,-73.85,USA,N14053,American Airlines,265,91,A1,en_route,suspected,human_error,pilot error,,,,,,,,,,
2001-10-08,McDonnell Douglas MD-87,Milano-Linate Airport,45.45,9.28,Italy,SE-DMA,Scandinavian Airlines System - SAS,114,63,A1,takeoff,suspected,human_error,pilot error,,,,,,,,,,
2001-10-04,Tupolev 154M,"off Adler, Russia",43.42,39.96,Black Sea,RA-85693,Sibir Airlines,78,54,C1,en_route,confirmed,human_error,shot down,,,,,,,,,,
2001-09-18,Let L-410UVP-E,Guatemala City-La Aurora Airport,14.58,-90.53,Guatemala,TG-CFE,Atlantic Airlines,8,24,A1,takeoff,suspected,human_error,pilot error,,,,,,,,,,
2001-09-15,Fokker 100,near Belo Horizon,-19.9244668,-43.9352855,Brazil,PT-MRN,TAM Brasil,1,15,A2,en_route,probable,mechanical,engine failure,,,,,,,,,,
2001-09-12,Let L-410UVP-E,near Chichén Itzá,20.6804706,-88.5635451,Mexico,XA-ACM,Aero Ferinco,19,32,A1,initial_climb,suspected,mechanical,mechanical failure,,,,,,,,,,
2001-09-11,Boeing 757-222,"near Shanksville, PA",40.02,-78.91,USA,N591UA,United Airlines,44,43,H1,en_route,confirmed,criminal,intentionally crashed,,,,,,,,,,
2001-09-11,Boeing 767-223ER,"New York, NY",40.71,-74.01,USA,N334AA,American Airlines,1692,216,H1,en_route,confirmed,criminal,intentionally crashed,,,,,,,,,,
2001-09-11,Boeing 767-222,"New York, NY",40.71,-74.01,USA,N612UA,United Airlines,965,165,H1,en_route,confirmed,criminal,intentionally crashed,,,,,,,,,,
2001-09-11,Boeing 757-223,"Washington, DC",38.91,-77.04,USA,N644AA,American Airlines,189,79,H1,en_route,confirmed,criminal,intentionally crashed,,,,,,,,,,
2001-08-29,CASA CN-235-200,Malaga Airport,36.67,-4.49,Spain,EC-FBC,Binter Méditerraneo,4,20,A1,approach,suspected,mechanical,mechanical failure,,,,,,,,,,
2001-08-23,Antonov 28,Mugogo,ERROR,ERROR,DR Congo,3C-LLA,Victoria Air,4,20,A1,en_route,suspected,human_error,overloaded,,,,,,,,,,
2001-07-04,Tupolev 154M,near Burdakovka,ERROR,ERROR,Russia,RA-85845,Vladivostokavia,145,70,A1,approach,probable,human_error,pilot error,,,,,,,,,,
2001-05-17,Yakovlev 40,near Sari,36.57,53.06,Iran,EP-TQP,Faraz Qeshm,30,37,A1,en_route,suspected,weather,bad weather,,,,,,,,,,
2001-03-29,Gulfstream Aerospace G-1159 Gulfstream III,"near Aspen Airport, CO",39.22,-106.87,USA,N303GA,Avjet Corp,18,31,A1,approach,suspected,weather,bad weather,,,,,,,,,,
2001-03-24,de Havilland Canada DHC-6 Twin Otter 300,Saint-Barthélémy,17.90,-62.83,Guadeloupe,F-OGES,Air Caraïbes,20,32,A1,approach,suspected,human_error,pilot error,,,,,,,,,,
2001-03-17,Beechcraft 1900C-1,Quilemba,-9.68,14.79,Angola,S9-CAE,SAL Express,16,30,A1,approach,suspected,weather,low visibility,,,,,,,,,,
2001-02-10,GAF Nomad N.24A,near Jacobcondre,ERROR,ERROR,Suriname,PZ-TBP,Gum Air,10,26,A1,approach,suspected,human_error,pilot error,,,,,,,,,,
2001-01-25,Douglas C-47A-65-DL (DC-3C),Ciudad Bolívar,8.09,-63.55,Venezuela,YV-224C,Rutaca,24,34,A1,en_route,suspected,mechanical,engine failure,,,,,,,,,,
2000-11-15,Antonov 26,near Luanda-4 de Fevereiro Airport ,-8.85,13.23,Angola,D2-FCG,ASA Pesada,57,48,A1,takeoff,probable,mechanical,mechnical failure,,,,,,,,,,
2000-11-07,Antonov 32B,Luabo Airport,ERROR,ERROR,Congo,ER-AFA,"Renan, operating for Malu Aviation",2,17,A1,takeoff,confirmed,mechanical,mechnical failure,,,,,,,,,,
2000-10-31,Boeing 747-412,Taipei-Chiang Kai Shek Airport,25.08,121.23,Taiwan,9V-SPK,Singapore Airlines,83,56,A1,takeoff,confirmed,human_error,crew errors,series of errors led the plane to take off on the wrong (closed) runway,,,,,,,,,
2000-10-19,Harbin Yunshuji Y-12-II,near Sam Neua,20.42,104.05,Laos,RDPL-34130,Lao Aviation,8,24,A1,approach,probable,weather,bad weather,,,,,,,,,,
2000-09-27,Boeing 737,Jinan Airport,36.86,117.22,China,,China Xinhua Airlines,1,15,H2,en_route,confirmed,criminal,hijack,,,,,,,,,,
2000-09-04,Beechcraft 200 Super King Air,"near Burketown, QLD",-17.85,139.63,Australia,VH-SKC,Central Air,8,24,A1,en_route,confirmed,mechanical,mechanical failure,passengers and crew suffocated due to lack of oxygen,,,,,,,,,
2000-08-23,Airbus A320-212,near Bahrain International Airport,26.27,50.63,Bahrain,A4O-EK,Gulf Air,143,70,A1,approach,confirmed,human_error,pilot error,,,,,,,,,,
2000-08-12,Antonov 26B,near Tshikapa,-6.42,20.80,Congo,,STAER Airlines,27,36,A1,unknown,unknown,unknown,unknown,,,,,,,,,,
2000-07-27,DHC-6 Twin Otter 300,Jarayakhali hill,ERROR,ERROR,Nepal,9N-ABP,Royal Nepal Airlines,25,35,A1,en_route,suspected,human_error,pilot error,,,,,,,,,,
2000-07-25,Aérospatiale / BAC Concorde 10,Gonesse,48.99,2.45,France,F-BTSC,Air France,113,63,A1,takeoff,confirmed,mechanical,mechanical failure,"tyre exploded after colliding with strip of metal left on the runway by a previous plane, triggering a chain reaction",,,,,,,,,
2000-07-17,Boeing 737-2A8,near Patna Airport,25.59,85.09,India,VT-EGD,Alliance Air,60,49,A1,approach,confirmed,human_error,pilot error,,,,,,,,,,
2000-07-08,British Aerospace 3201 Jetstream,near Chulum Juarez,31.74,-106.36,Mexico,N912FJ,Aerocaribe,19,32,A1,en_route,confirmed,weather,bad weather,,,,,,,,,,
2000-06-22,Xian Yunshuji Y-7-100C,near Wuhan,30.59,114.31,China,B-3479,Wuhan Airlines,49,45,A1,approach,confirmed,weather,bad weather,,,,,,,,,,
2000-06-05,Fokker F-27 Friendship 600,Accra-Kotoka International Airport ,5.61,-0.17,Ghana,G 524,Ghana Airlink,7,23,A1,landing,suspected,human_error,pilot error,,,,,,,,,,
2000-05-21,British Aerospace 3102 Jetstream,near Wilkes-Barre Airport,41.34,-75.73,USA,N16EJ,East Coast Aviation Services,19,32,A1,approach,confirmed,human_error,pilot error,crew failed to take on enough fuel,,,,,,,,,
2000-05-17,Beechcraft 1900C-1,near Moanda Airport,-1.54,13.27,Gabon,TR-LFK,Avirex,3,19,A1,approach,suspected,weather,bad weather,,,,,,,,,,
2000-04-19,Boeing 737-2H4,near Davao,7.19,125.46,Philippines,RP-C3010,Air Philippines,131,67,A1,approach,suspected,human_error,pilot error,,,,,,,,,,
2000-03-25,Antonov 32,Huambo Airport,-12.81,15.75,Angola,D2-MAJ,Uralex,3,19,A1,takeoff,confirmed,mechanical,brake failure,,,,,,,,,,
2000-03-17,DHC-6 Twin Otter 300,near Carreto,10.09,-75.07,Panama,HP-1267APP,AeroPerlas,10,26,A1,en_route,unknown,unknown,unknown,,,,,,,,,,
2000-03-09,Yakovlev 40D,Moskva-Sheremetyevo Airport ,55.97,37.41,Russia,RA-88170,Vologoda Air,9,25,A1,initial_climb,confirmed,weather,bad weather,,,,,,,,,,
2000-02-08,Embraer 110P2 Bandeirante,Maputo,-25.89,32.61,Mozambique,C9-AUH,Sabin Air,1,15,A1,initial_climb,unknown,unknown,unknown,,,,,,,,,,
2000-01-31,MD-83,near Anacapa Island,34.00,-119.40,USA,N963AS,Alaska Airlines,88,57,A1,en_route,confirmed,human_error,maintenance error,,,,,,,,,,
2000-01-30,Airbus A310-304,near Abidjan-Felix Houphouet Boigny Airport,5.25,-3.93,Kenya,5Y-BEN,Kenya Airways,169,75,A1,takeoff,confirmed,human_error,pilot error,,,,,,,,,,
2000-01-15,Let L-410UVP-E,San José,37.34,-121.89,Costa Rica,YS-09-C,TACSA,5,21,A1,en_route,suspected,human_error,pilot error,,,,,,,,,,
2000-01-13,Shorts 360-300,near Marsa el-Brega,30.41,19.57,Libya,HB-AAM,"Avisto, operating for Sirte Oil Company",22,33,A1,approach,unknown,unknown,,,,,,,,,,,
2000-01-10,Saab 340B,near Nassenwil,47.47,8.47,Switzerland,HB-AKK,Crossair,10,26,A1,en_route,suspected,human_error,pilot error,,,,,,,,,,
2000-01-05,Embraer 110P1A Bandeirante,Abuja International Airport,9.01,7.26,Nigeria,5N-AXL,Skypower Express,2,17,A1,approach,suspected,mechanical,engine failure,,,,,,,,,,
1999-12-25,DHC-6 Twin Otter 300,near Simra Airport,10.18,-68.26,Nepal,9N-AFL,Skyline Airways,10,26,A1,en_route,unknown,unknown,unknown,,,,,,,,,,
1999-12-25,Yakovlev 42D,Bejuma,27.16,84.98,Venezuela,CU-T1285,Cubana de Aviación,22,33,A1,approach,probable,human_error,pilot error,,,,,,,,,,
1999-12-24,Airbus A300B2-101,Kandahar Airport,31.51,65.85,Afghanistan,VT-EDW,Indian Airlines,1,15,H2,en_route,confirmed,criminal,hostage situation,,,,,,,,,,
1999-12-21,Douglas DC-10-30,Guatemala City-La Aurora Airport,14.58,-90.53,Guatemala,F-GTDI,Cubana de Aviación,18,31,A1,landing,probable,weather,wet runway,,,,,,,,,,
1999-12-11,British Aerospace ATP,Sao Jorge Island,38.64,-28.03,Portugal,CS-TGM,SATA Air Açores,35,40,A1,en_route,probable,weather,low visibility,,,,,,,,,,
1999-12-07,Let L-410UVP-E,Kasibu,16.37,121.33,Philippines,RP-C3883,Asian Spirit,17,31,A1,en_route,unknown,unknown,unknown,,,,,,,,,,
1999-11-12,ATR-42-312,near Mitrovica,42.89,20.87,Serbia,F-OHFV,"SiFly, operating for UN",24,34,A1,en_route,probable,human_error,pilot & crew error,,,,,,,,,,
1999-11-09,Douglas DC-9-31F,near Uruapan,19.41,-102.04,Mexico,XA-TKN,TAESA Lineas Aéreas,18,31,A1,en_route,probable,human_error,pilot & crew error,,,,,,,,,,
1999-10-31,Boeing 767-366ER,"near Nantucket Island, MA",41.28,-70.10,USA,SU-GAP,EgyptAir,217,84,A1,en_route,probable,human_error,crew error,,,,,,,,,,
1999-09-05,British Aerospace BAe-748-501,near Kathmandu-Tribhuvan Airport,27.70,85.36,Nepal,9N-AEG,Necon Air,15,29,A1,approach,probable,human_error,pilot error,,,,,,,,,,
1999-08-31,Boeing 737-204C,Buenos Aires-Jorge Newbery Airport,-34.56,-58.42,Argentina,LV-WRZ,Líneas Aéreas Privadas Argentinas,65,50,A1,takeoff,probable,human_error,pilot & crew error,,,,,,,,,,
1999-08-26,Yakovlev 40,near Turtkul Airport,41.57,60.97,Uzbekistan,UK-87848,Uzbekistan Airways,2,17,A1,landing,probable,human_error,pilot error,,,,,,,,,,
1999-08-24,MD-90-30,Hualien Airport,24.03,121.62,Taiwan,B-17912,Uni Air,1,15,A1,landing,probable,human_error,passenger error,,,,,,,,,,
1999-08-22,Douglas MD-11,Chek Lap Kok International Airport,22.31,113.92,Hong Kong,B-150,China Airlines,3,19,A1,landing,suspected,human_error,pilot error,,,,,,,,,,
1999-08-12,Beechcraft 1900D,near Sept-Îles Airport,50.22,-66.27,Canada,C-FLIH,Regionnair,1,15,A1,approach,probable,human_error,pilot error,,,,,,,,,,
1999-08-07,Dornier 228-201,Santo Antão,17.09,-25.14,Cape Verde,D4-CBC,TACV Cabo Verde Airlines,18,31,A1,en_route,suspected,weather,low visibility,,,,,,,,,,
1999-07-24,Embraer 110P1 Bandeirante,near Delailasakau,-18.0459505,178.5596631,Fiji,DQ-AFN,Air Fiji,17,31,A1,en_route,probable,human_error,pilot error,,,,,,,,,,
1999-07-04,Douglas DC-6A,Villavicencio-La Vanguardia Airport,4.17,-73.61,Colombia,HK-1776,LANC Colombia,4,20,A1,landing,confirmed,human_error,pilot & crew error,,,,,,,,,,
1999-06-17,Embraer 110P2 Bandeirante,near Goroka,-6.08,145.39,papua New Guinea,P2-ALX,Airlink,17,31,A1,en_route,suspected,human_error,pilot error,,,,,,,,,,
1999-06-01,Douglas Md-82,Little Rock National Airport,34.73,-92.22,USA,N215AA,American Airlines,11,27,A1,landing,confirmed,human_error,pilot & crew error,,,,,,,,,,
1999-05-08,DHC-6 Twin Otter 300,near Port Vila,-17.73,168.33,Vanuatu,YJ-RV9,Vanair,7,23,A1,en_route,probable,weather,bad weather,,,,,,,,,,
1999-04-08,DHC-6 Twin Otter 300,near Málaga,37.03,35.81,Colombia,HK-2760,Aerotaca,5,21,A1,en_route,probable,weather,low visibility,,,,,,,,,,
1999-04-07,Boeing 737-400,near Ceyhan,36.72,-4.42,Turkey,TC-JEP,Turkish Airlines,6,22,A1,en_route,probable,weather,bad weather,,,,,,,,,,
1999-02-25,Dornier 328-110,Genoa-Cristo,44.44,8.87,Italy,D-CPRR,Minerva Airlines,4,20,A1,landing,suspected,weather,bad weather,,,,,,,,,,
1999-02-24,Tupolev Tu-154M,Ruian,27.78,120.66,China,B-2622,China Southwest Airlines,61,49,A1,approach,confirmed,mechanical,mechanical failure,,,,,,,,,,
1998-12-11,Airbus A310-324,Surat Thani,9.13,99.33,Thailand,HS-TIA,Thai Airways International,101,60,A1,approach,suspected,weather,bad weather,,,,,,,,,,
1998-11-01,Douglas C-47A-90-DL (DC-3C),near Quetzaltenango,14.8520705,-91.5305465,Guatemala,N3FY,Living Water Teaching Ministries,11,27,A1,approach,probable,weather,low visibility,,,,,,,,,,
1998-10-10,Boeing 727-30,near Kindu,-2.9507864,25.9218965,DR Congo,9Q-CSG,Lignes Aériennes Congolaises,41,42,C1,en_route,confirmed,criminal,shot down,,,,,,,,,,
1998-09-29,Antonov An-24rv,"off coast of Mannar District, Sri Lanka",8.8465222,79.9623875,Sri Lanka,EW-46465,Lionair,55,47,C1,en_route,suspected,criminal,shot down,,,,,,,,,,
1998-09-25,BAe 146,"Boumahfouda, Morocco",31.7948636,-7.0894036,Morocco,EC-GEO,PauknAir,38,41,A1,approach,suspected,human_error,pilot error,,,,,,,,,,
1998-09-02,Antonov 26B,near Malanje Airport,-9.53,16.31,Angola,RA-26028,"Permtransavia, operating for Prestavia",24,34,A1,en_route,suspected,mechanical,engine failure,,,,,,,,,,
1998-09-02,Douglas MD-11,"Atlantic Ocean near St Margarets Bay, Nova Scotia",44.49,-63.97,Canada,HB-IWF,Swissair,229,86,A1,en_route,suspected,mechanical,design flaw,,,,,,,,,,
1998-08-29,Tupolev 154M,Quito-Mariscal Sucre Airport,-0.12,-78.36,Ecuador,CU-T1264,Cubana,80,55,A1,takeoff,suspected,human_error,maintenance error,,,,,,,,,,
1998-08-24,Fokker F-27,near Tachilek Airport,20.49,99.93,Myanmar,XY-AEN,Myanma Airways,36,40,A1,approach,suspected,human_error,pilot error,,,,,,,,,,
1998-08-21,DHC-6 Twin Otter 300,near Ghorepani,28.40,83.70,Nepal,9N-ACC,"Nepalese CAA, operating for Lumbini Airways",18,31,A1,en_route,unknown,unknown,unknown,,,,,,,,,,
1998-07-30,Beechcraft 1900D,Baie de Quiberon,47.51,-3.01,France,F-GSJM,Proteus Air,14,29,A1,approach,probable,human_error,pilot error,,,,,,,,,,
1998-07-30,HAL/Dornier 228-201,Cochin Airport,10.15,76.39,India,VT-EJW,Alliance Air,9,25,A1,initial_climb,confirmed,mechanical,mechanical failure,,,,,,,,,,
1998-07-29,Embraer 110P1 Bandeirante,"near Manaus, AM",-3.12,-60.02,Brazil,PT-LGN,Selva Taxi Aéreo,12,27,A1,en_route,probable,human_error,overload,,,,,,,,,,
1998-07-27,Consolidated PBY-5A Catalina,Southampton,50.91,-1.40,UK,VP-BPS,Plane Sailing,2,17,A1,landing,suspected,human_error,maintenance error,,,,,,,,,,
1998-06-18,Swearingen SA226-TC Metro II,Montreal-Mir,45.50,-73.57,Canada,C-GQAL,Propair,11,27,A1,approach,probable,human_error,pilot & crew error,,,,,,,,,,
1998-05-26,Harbin Y-12,"near Erdenet, Orkhon",49.05,104.07,Mongolia,JU-1017,MIAT Mongolian Airlines,28,36,A1,en_route,suspected,human_error,overload,,,,,,,,,,
1998-05-05,Boeing 737-282,near Andoas,-2.91,-76.40,Peru,FAP-351,"Fuerza Aérea del Peru - FAP, operating for Occidental Petroleum",75,53,A1,approach,suspected,weather,low visibility,,,,,,,,,,
1998-04-20,Boeing 727,Bogota,4.71,-74.07,Colombia,HC-BSU,Air France,53,46,A1,en_route,probable,human_error,pilot & crew error,,,,,,,,,,
1998-03-28,Antonov 32,near Piura Airport,-5.21,-80.62,Peru,OB-1389,Peruvian AF,22,33,A1,approach,confirmed,mechanical,engine failure,,,,,,,,,,
1998-03-22,Airbus A320,Bacolod City Domestic Airport,10.78,123.02,Philippines,RP-C3222,Philippine Airlines,3,19,A1,landing,probable,human_error,pilot error,,,,,,,,,,
1998-03-19,Boeing 727-228,"Sharki Baratayi Mountain, near Charasyab",ERROR,ERROR,Afghanistan,YA-FAZ,Ariana Afghan Airlines,45,44,A1,en_route,suspected,weather,bad weather,,,,,,,,,,
1998-03-18,Saab 340B,near Hsinchu,24.81,120.97,Taiwan,B-12255,Formosa Airlines,13,28,A1,en_route,probable,human_error,pilot & crew error,,,,,,,,,,
1998-02-16,Airbus A300,Taipei-Chiang Kai Shek International Airport,25.08,121.23,Taiwan,B-1814,China Airlines,202,81,A1,approach,probable,human_error,pilot & crew error,,,,,,,,,,
1998-02-02,Douglas DC-9-32,Mount Sumagaya,8.66,125.03,Philippines,RP-C1507,Cebu Pacific Air,104,61,A1,en_route,suspected,human_error,pilot error,,,,,,,,,,
1998-01-27,Fokker F-27 Friendship 600,Thandwe Airport,18.46,94.30,Myanmar,XY-AES,Myanma Airways,16,30,A1,takeoff,suspected,mechanical,engine failure,,,,,,,,,,
1997-12-28,Boeing 747-122,Pacific ocean,-8.78,-124.51,Pacific ocean,N4723U,United Airlines,1,15,A1,en_route,suspected,human_error,pilot error,,,,,,,,,,
1997-12-19,Boeing 737-36N,near Palembang,-2.98,104.78,Indonesia,9V-TRF,SilkAir,104,61,A1,en_route,suspected,criminal,intentional pilot error,,,,,,,,,,
1997-12-17,Yakovlev Yak-42,near Thessaloniki,40.64,22.94,Greece,UR-42334,Aerosvit,70,52,A1,en_route,probable,human_error,pilot error,,,,,,,,,,
1997-12-15,Tupolev 154B-1,near Sharjah Airport,25.33,55.51,UAE,EY-85281,Tajikistan Airlines,85,56,A1,approach,confirmed,human_error,pilot error,,,,,,,,,,
1997-12-13,Swearingen SA226-TC Metro II,La Vertiente,-32.80,-65.77,Bolivia,CP-1635,"STAP-Serv. y Transportes Aéreos Petroleros, operating for SAVE",10,26,A1,initial_climb,suspected,mechanical,engine failure,,,,,,,,,,
1997-12-09,Embraer 110P1 Bandeirante,Little Grand,37.68,-89.39,Canada,C-GVRO,Sowind Air,4,20,A1,approach,probable,weather,low visibility,,,,,,,,,,
1997-10-10,Douglas DC-9-32,Nuevo Berlin,-32.9809545,-58.0470008,Argentina,LV-WEG,Austral Líneas Aéreas,74,53,A1,en_route,suspected,human_error,pilot error,,,,,,,,,,
1997-09-26,Airbus A300,near Medan-Polonia Airport,3.56,98.68,Indonesia,PK-GAI,Garuda Indonesia,234,86,A1,approach,probable,human_error,atc error & bad weather,,,,,,,,,,
1997-09-12,DHC-6 Twin Otter 300,Minembwe Mou,ERROR,ERROR,DR Congo,9Q-CRY,TMK Air Commuter,19,32,A1,en_route,suspected,human_error,pilot error,,,,,,,,,,
1997-09-06,Dornier Du 228,Lambir Hills National Park,4.20,114.04,Malaysia,9M-MIA,Royal Brunei Airlines,10,26,A1,approach,suspected,human_error,pilot error,,,,,,,,,,
1997-09-03,Tupolev Tu-134,Phnom Penh-Pochentong Airport,11.55,104.85,Cambodia,VNA120,Vietnam Airlines,65,50,A1,approach,confirmed,human_error,pilot error,,,,,,,,,,
1997-08-10,Dornier 228-212,near Matsu Airport,26.22,120.00,Taiwan,B-12256,Formosa Airlines,16,30,A1,approach,probable,weather,low visibility,,,,,,,,,,
1997-08-06,Boeing 747-3B5,Nimitz Hill,13.46,144.73,Guam,HL7468,Korean Air,228,85,A1,approach,probable,human_error,pilot & crew error,,,,,,,,,,
1997-07-30,ATR-42-512,Florence-Peretola Airport,43.81,11.20,Italy,F-GPYE,Air Littoral,1,15,A1,landing,probable,human_error,pilot error,,,,,,,,,,
1997-07-29,BAC One-Eleven 203AE,Calabar Airport,4.97,8.35,Nigeria,5N-BAA,ADC Airlines,1,15,A1,landing,suspected,weather,low visibility,,,,,,,,,,
1997-07-17,Fokker F-27 Friendship 600,Bandung,-6.92,107.62,Indonesia,PK-YPM,"Trigana Air Service, operating for Sempati Air",28,36,A1,en_route,suspected,mechanical,engine failure,,,,,,,,,,
1997-07-11,Antonov 24RV,near Santiago-Antonio Maceo Airport,19.97,-75.84,Cuba,CU-T1262,Cubana de Aviación,44,43,A1,en_route,suspected,mechanical,mechanical failure,,,,,,,,,,
1997-07-09,Fokker 100,"near Suzano, SP",-23.55,-46.31,Brazil,PT-WHK,TAM Transportes Aéreos Regionais,1,15,C2,en_route,confirmed,criminal,attempted hijack,,,,,,,,,,
1997-06-10,Harbin Yunshuji Y-12 II,Mandalgobi A,45.76,106.27,Mongolia,JU-1020,MIAT Mongolian Airlines,7,23,A1,approach,probable,human_error,atc error,,,,,,,,,,
1997-06-06,Vickers 781D Viscount,near Irumu,1.44,29.84,DR Congo,9Q-CWL,Bazair,23,34,A1,en_route,unknown,unknown,unknown,,,,,,,,,,
1997-05-08,Boeing 737-31B,"Shenzhen, Guangdon",22.54,114.06,China,B-2925,China Southern Airlines,35,40,A1,landing,confirmed,weather,thunderstorm,,,,,,,,,,
1997-04-19,British Aerospace ATP,near Tanjung Pand,-2.74,107.65,Indonesia,PK-MTX,Merpati Nusantara,15,29,A1,approach,probable,human_error,pilot error,,,,,,,,,,
1997-03-18,Antonov AN-24,Cherkessk,44.23,42.06,Russia,RA-46516,Stavropolskaya Aktsionernaya Avia,50,45,A1,en_route,confirmed,human_error,maintenance error,,,,,,,,,,
1997-02-14,Boeing 737-2C3,Carajás Airport,-6.11,-50.00,Brazil,PP-CJO,Varig,1,15,A1,landing,probable,weather,low visibility,,,,,,,,,,
1997-01-31,Embraer 110P1A Bandeirante,near Yola Airport,9.27,12.43,Nigeria,5N-AXS,Skypower Express,5,21,A1,approach,confirmed,human_error,pilot error,,,,,,,,,,
1997-01-09,Embraer EMB-120 Brasília,"near Monroe, MI",41.92,-83.40,USA,N265CA,Comair,29,37,A1,approach,probable,weather,atmospheric icing,,,,,,,,,,
1997-01-07,DHC-6 Twin Otter 300,near Apia-Fagali'i,-13.85,-171.74,Samoa,5W-FAU,Polynesian Airlines,3,19,A1,en_route,probable,human_error,pilot error,,,,,,,,,,
1996-12-07,CASA/Nurtanio NC-212-A4 Avioca,near Banjarmasin,-3.32,114.59,Indonesia,PK-VSO,Dirgantara Air Services,18,31,A1,approach,suspected,mechanical,engine failure,,,,,,,,,,
1996-11-30,DHC-6 Twin Otter 300,near Medellín,6.24,-75.58,Colombia,HK-2602,ACES Colombia,14,29,A1,en_route,probable,human_error,overload,,,,,,,,,,
1996-11-23,Boeing 767-260ER,near Grande Comore,-11.72,43.37,Comoros,ET-AIZ,Ethiopian Airlines,125,66,H1,approach,confirmed,criminal,hijack,,,,,,,,,,
1996-11-19,Beechcraft 1900,"Quincy Municipal Airport, IL",39.94,-91.19,USA,N87GL,United Express,14,29,A1,landing,confirmed,human_error,pilot error,,,,,,,,,,
1996-11-14,Antonov 2T,Most Pyssa,ERROR,ERROR,Russia,RA-40309,Komi Avia,14,29,A1,initial_climb,probable,human_error,pilot & crew error,,,,,,,,,,
1996-11-12,Boeing 747-168B,"Charkhi Dadri, Haryana",28.59,76.27,India,HZ-AIH,Saudi Arabian Airlines,312,98,A1,en_route,confirmed,human_error,"pilot error, mid air collision",,,,,,,,,,
1996-11-12,Ilyushin 76TD,"Charkhi Dadri, Haryana",28.59,76.27,India,UN-76435,Kazakhstan Airlines,37,40,A1,en_route,confirmed,human_error,"pilot error, mid air collision",,,,,,,,,,
1996-11-07,Boeing 727-231,near Ejirin,6.61,3.89,Nigeria,5N-BBG,ADC Airlines,144,70,A1,approach,confirmed,human_error,pilot & atc error,,,,,,,,,,
1996-11-01,Embraer 110P1 Bandeirante,near Santa Elena,-15.97,-5.71,Guatemala,TG-TPA,TAPSA,14,29,A1,approach,probable,weather,low visibility,,,,,,,,,,
1996-10-31,Fokker F28 Mk 0100,near São Paulo-Congonhas Airport,-23.63,-46.66,Brazil,PT-MRK,TAM Transportes Aéreos Regionais,103,61,A1,initial_climb,confirmed,mechanical,engine failure,,,,,,,,,,
1996-10-26,Yakovlev 40K,Khanty-Mansiysk,61.01,69.04,Russia,RA-88527,Tyumenaviatrans,5,21,A1,landing,confirmed,human_error,pilot error,,,,,,,,,,
1996-10-02,Boeing 757-23A,"Pacific Ocean, near Lima",35.26,-120.69,Pacific Ocean,N52AW,Aeroperú,70,52,A1,en_route,suspected,human_error,maintenance error,,,,,,,,,,
1996-09-18,Fairchild C-123K Provider,Bahía Tortugas Airfield,27.70,-114.91,Mexico,XA-SNB,Krissalan de Aviacion,5,21,A1,takeoff,unknown,unknown,unknown,,,,,,,,,,
1996-08-29,Tupolev Tu-154M,"Operafjellet, Svalbard",78.22,16.05,Norway,RA-85621,Vnukovo Airlines,141,69,A1,approach,suspected,human_error,pilot & crew error,,,,,,,,,,
1996-07-24,Fokker F-27 Friendship 600,Myeik Airport,12.45,98.62,Myanmar,XY-AET,Myanma Airways,8,24,A1,landing,probable,weather,bad weather,,,,,,,,,,
1996-07-17,Boeing 747-131,"near East Moriches, NY",40.81,-72.76,USA,N93119,Trans World Airlines,230,86,A1,en_route,confirmed,mechanical,fuel tank explosion,,,,,,,,,,
1996-07-11,Let L-410UVP-E9D,near Kanda,7.29,80.63,India,VT-ETC,Archana Airways,9,25,A1,approach,confirmed,human_error,pilot & company error,,,,,,,,,,
1996-07-06,McDonnell Douglas MD-88,"near Pensacola, FL",30.42,-87.22,USA,N927DA,Delta Air Lines,2,17,A2,takeoff,probable,human_error,maintenance error,,,,,,,,,,
1996-06-21,Harbin Yunshuji Y-12-II,near Changhai Air,1.36,103.99,China,B-3822,China Flying Dragon,2,17,A1,approach,confirmed,human_error,pilot & crew error,,,,,,,,,,
1996-06-13,McDonnell Douglas DC-10-30,Fukuoka Airport,33.59,130.45,Japan,PK-GIE,Garuda Indonesia,3,19,A1,takeoff,suspected,human_error,pilot error,,,,,,,,,,
1996-05-11,McDonnell Douglas DC-9,Everglades,25.29,-80.90,USA,N904VJ,ValuJet,110,62,A1,en_route,suspected,mechanical,cargo fire,,,,,,,,,,
1996-05-10,DHC-6 Twin Otter 200,Santa Maria,34.95,-120.44,Mexico,XA-SWJ,Aeroservicios Emp. de Durango,16,30,A1,approach,probable,weather,bad weather,,,,,,,,,,
1996-05-03,Antonov 24RV,near Haj Yousif,15.64,32.64,Sudan,ST-FAG,Federal Airlines,53,46,A1,landing,confirmed,weather,sandstorm,,,,,,,,,,
1996-04-05,Dornier 228-212,near Matsu Airpor,26.22,120.00,Taiwan,B-12257,Formosa Airlines,6,22,A1,approach,probable,human_error,pilot & crew error,,,,,,,,,,
1996-03-02,Learjet 25D,near São Paulo-Gu,-23.53,-46.64,Brazil,PT-LSD,Madrid Táxi Aéreo,9,25,A1,approach,suspected,human_error,pilot & crew error,,,,,,,,,,
1996-02-29,Boeing 737-222,near Arequipa,-16.41,-71.54,Peru,OB-1451,Faucett,123,65,A1,approach,confirmed,human_error,pilot error,,,,,,,,,,
1996-02-12,GAF Nomad N.24A,Port-au-Prince-Mais Gate Airport,18.57,-72.29,Haiti,N224E,Haiti Express Airways,10,26,A1,initial_climb,suspected,mechanical,mechanical failure,,,,,,,,,,
1996-02-06,Boeing 757-225,near Puerto Plata,19.78,-70.69,Dominican Republic,TC-GEN,Birgenair,189,79,A1,en_route,suspected,human_error,pilot error,,,,,,,,,,
1996-01-08,Antonov An-32B,N'Dolo Airport,-4.33,15.33,DR Congo (then Zaire),RA-262222,Moscow Airways,237,87,A1,initial_climb,probable,human_error,overload,,,,,,,,,,
1995-12-20,Boeing 757-223,"near Buga, Valle del Cauca",3.90,-76.30,Colombia,N651AA,American Airlines,159,73,A1,approach,confirmed,human_error,crew error,,,,,,,,,,
1995-12-18,Lockheed L-188C Electra,Cahungula,-7.80,19.43,Angola,9Q-CRR,Trans Service Airlift,141,69,A1,unknown,probable,human_error,overload,,,,,,,,,,
1995-12-13,Antonov An-24B,near Verona Airport,45.40,10.89,Italy,YA-AMR,Banat Air,49,45,A1,takeoff,probable,human_error,pilot error,,,,,,,,,,
1995-12-07,Beech 1900D,near Belle-Anse,18.24,-72.07,Haiti,F-OHRK,Air Saint Martin,20,32,A1,en_route,probable,human_error,pilot & atc error,,,,,,,,,,
1995-12-07,Tupolev 154B,near Grossevichi,47.98,139.54,Russia,RA-85164,Khabarovsk United Air,98,59,A1,en_route,confirmed,mechanical,fuel imbalance,,,,,,,,,,
1995-12-05,Tupolev 134b-3,near Nakhichevan Airport,39.19,45.46,Azerbaijan,4K-65703,Azerbaijan Airlines,52,46,A1,initial_climb,confirmed,mechanical,maintenance error,,,,,,,,,,
1995-12-03,Boeing 737-200,near Douala International Airport,4.01,9.72,Cameroon,TJ-CBE,Cameroon Airlines,71,52,A1,approach,probable,mechanical,mechanical failure,,,,,,,,,,
1995-11-13,Boeing 737-F29,Kaduna Airport,10.70,7.32,Nigeria,5N-AUA,Nigeria Airways,11,27,A1,landing,probable,human_error,pilot error,,,,,,,,,,
1995-11-08,Fokker F-27 Friendship 400M,near Villa Dolore,ERROR,ERROR,Argentina,TC-72,Lineas Aereas del Estado,53,46,A1,en_route,probable,weather,low visibility,,,,,,,,,,
1995-09-21,Antonov 24RV,Choho Geologloh Uul,ERROR,ERROR,Mongolia,BNMAU-10103,MIAT Mongolian Airlines,42,42,A1,approach,probable,human_error,pilot error,,,,,,,,,,
1995-09-20,DHC-3 Otter,Salvesen Lake,50.3567588,-94.4571957,Canada,C-FGCV,Walsten Air Service,6,22,A1,approach,probable,mechanical,engine failure,,,,,,,,,,
1995-09-15,Fokker 50,Tawau Airport,4.3139325,118.1142575,Malaysia,9M-MGH,Malaysia Airlines,34,39,A1,landing,probable,human_error,pilot error,,,,,,,,,,
1995-09-11,Antonov 26B,near Jalalabad Airport,34.400833,70.497223,Afghanistan,YA-BAO,Ariana Afghan Airlines,3,19,A1,approach,probable,human_error,pilot & crew error,,,,,,,,,,
1995-09-09,CASA C-212 Aviocar 200,near La Macarena,4.6107045,-74.0663631,Colombia,FAC-1152,SATENA,22,33,A1,approach,probable,weather,low visibility,,,,,,,,,,
1995-08-21,Embraer EMB-120 Brasília,"Carroll County, GA",33.5642239,-85.0649071,USA,N256AS,Atlantic Southeast Airlines,9,25,A1,en_route,confirmed,mechanical,design flaw,,,,,,,,,,
1995-08-14,Embraer 110P1 Bandeirante,near Toez,2.79997,-76.06668,Colombia,HK-2594,AIRES Colombia,8,24,A1,en_route,probable,human_error,pilot & crew error,,,,,,,,,,
1995-08-09,Boeing 737-2H6,San Vincent volcano,13.6,-88.85,El Salvador,N125GU,Aviateca,65,50,A1,approach,probable,human_error,pilot & crew error,,,,,,,,,,
1995-08-09,Hawker Siddeley HS-748-216 Srs,Kumawa Mount,25.012644,73.9069539,Indonesia,PK-KHL,Bouraq Indonesia,10,26,A1,en_route,suspected,human_error,pilot & crew error,,,,,,,,,,
1995-07-18,Douglas C-47A-80-DL,Antananarivo,-18.8791902,47.5079055,Madagascar,5R-MMG,Madagascar AF,36,40,A1,approach,suspected,human_error,pilot error,,,,,,,,,,
1995-07-17,DHC-6 Twin Otter 300,Bintuni Airport,-2.1036696,133.5169405,Indonesia,PK-NUT,Merpati Nusantara,1,15,A1,takeoff,probable,weather,wet runway,,,,,,,,,,
1995-07-12,DHC-6 Twin Otter 300,near Alotau,-10.3157027,150.46,Papua New Guinea,P2-MBI,Milne Bay Air,15,29,A1,en_route,confirmed,mechanical,electrical fire,,,,,,,,,,
1995-06-24,Tupolev 134A,Lagos-Murtal,6.52,3.32,Nigeria,RA-65617,"Komi Avia, operating for Harka Air Services",16,30,A1,landing,confirmed,weather,bad weather,,,,,,,,,,
1995-06-16,Antonov 2P,near Herpuchi,ERROR,ERROR,Russia,RA-07743,Aeroflot,13,28,A1,en_route,probable,weather,low visibility,,,,,,,,,,
1995-06-09,de Havilland Canada DHC-8,"Tararua Ranges, New Zealand",-40.77,175.38,New Zealand,ZK-NEY,Ansett New Zealand,4,20,A1,approach,confirmed,human_error,pilot error,,,,,,,,,,
1995-05-24,Embraer 110P1 Bandeirante,near Leeds/Bradford Airport,53.87,-1.65,UK,G-OEAA,Knight Air,12,27,A1,en_route,confirmed,mechanical,instrument failure,,,,,,,,,,
1995-05-01,Swearingen SA227-CC Metro 23,"Sioux Falls, ON",43.54,-96.73,Canada,C-GYYB,Bearskin Airlines,3,19,A1,approach,probable,human_error,pilot error,,,,,,,,,,
1995-03-31,Airbus A310-324,"Balotesti, Romania",44.62,26.11,Romania,YR-LCC,TAROM,60,49,A1,en_route,confirmed,human_error,crew error,,,,,,,,,,
1995-01-28,Beechcraft 200 Super King Air,near Cafunfo Airport,-8.78,17.99,Papua New Guinea,D2-ECH,Sociedade de Aviaçao Ligeira,2,17,C1,initial_climb,confirmed,criminal,shot down,,,,,,,,,,
1995-01-20,Let L-410UVP,near Krasnoyarsk Airport,56.18,92.48,Russia,RA-67120,Abakan Airlines,3,19,A1,takeoff,confirmed,mechanical,engine failure,,,,,,,,,,
1995-01-17,DHC-6 Twin Otter 300,Kathmandu-Tribhuvan Airport,27.70,85.36,Nepal,9N-ABI,Royal Nepal Airlines,2,17,A1,takeoff,suspected,mechanical,mechanical failure,,,,,,,,,,
1995-01-10,Douglas DC-9-14,near Maria La Baja,9.98,-75.30,Colombia,HK-3839X,Intercontinental de Aviación,51,46,A1,approach,probable,human_error,crew error,,,,,,,,,,
1995-01-10,DHC-6 Twin Otter 300,Molo Strait,ERROR,ERROR,Indonesia,PK-NUK,Merpati Nusantara,14,29,A1,en_route,probable,weather,bad weather,,,,,,,,,,
1994-12-29,Boeing 737-4Y0,near Van Ferit Melen Airport,38.47,43.33,Turkey,TC-JES,Turkish Airlines,57,48,A1,approach,confirmed,weather,low visibility,,,,,,,,,,
1994-12-26,Airbus 1300B2-1c,Marseille-Marignane Airport,43.44,5.21,France,F-GBEC,Air France,7,23,H1,grounded,confirmed,criminal,hostage situation,,,,,,,,,,
1994-12-17,DHC-6 Twin Otter 200,near Olsobip,-5.39,141.52,Papua New Guinea,P2-MFS,Missionary Aviation Fellowship,28,36,A1,en_route,suspected,human_error,pilot error,,,,,,,,,,
1994-12-13,British Aerospace 3201 Jetstream,near Raleigh/Durh,35.88,-78.79,USA,N918AE,"Flagship Airlines, operating for American Eagle",15,29,A1,approach,confirmed,human_error,pilot error,,,,,,,,,,
1994-12-10,Boeing 747-283B,near Minami Daito Island,25.85,131.25,Japan,EI-BWF,Philippine Airlines,1,15,C2,en_route,confirmed,criminal,bombing,,,,,,,,,,
1994-11-22,IRMA/BN-2A-20 Islander,near Tabubil,-5.27,141.23,Papua New Guinea,P2-SWC,Southwest Air,7,23,A1,en_route,probable,weather,bad weather,,,,,,,,,,
1994-11-05,Yakovlev 40,Saposoa Airport,ERROR,ERROR,Peru,OB-1569,Servicios Aéreos Amazonicos,6,22,A1,landing,probable,human_error,pedestrian on runway,,,,,,,,,,
1994-10-31,ATR 72-212,"near Roselawn, IN",41.16,-87.29,USA,N401AM,Simmons Airlines,68,51,A1,approach,confirmed,weather,atmospheric icing,,,,,,,,,,
1994-10-12,Fokker F-28 Fellowship,near Natanz,33.51,51.91,Iran,EP-PAV,Iran Aseman Airlines,66,51,A1,en_route,confirmed,mechanical,engine failure,,,,,,,,,,
1994-09-29,Rockwell 1121B Jet Commander,near Córdoba-Paja,37.88,-4.77,Argentina,LV-WEN,Radeair,8,24,A1,takeoff,confirmed,human_error,pilot & crew error,,,,,,,,,,
1994-09-26,Douglas C-47D,Bahia Negra,-20.23,-58.17,Paraguay,FAP2009,TAM Paraguay,1,15,A1,takeoff,confirmed,mechanical,engine failure,,,,,,,,,,
1994-09-26,Yakovlev 40,near Vanavara,60.34,102.30,Russia,RA-87468,Cheremshanka Airlines,28,36,A1,en_route,probable,human_error,pilot & crew error,,,,,,,,,,
1994-09-18,BAC One-Eleven 515FB,Tamanrasset-Aguemar Airport,22.81,5.45,Algeria,5N-IMO,Oriental Airlines,5,21,A1,approach,suspected,weather,low visibility,,,,,,,,,,
1994-09-13,DHC-6 Twin Otter 300,near Abuja International Airport,9.01,7.26,Nigeria,5N-ATQ,Aerocontractors,2,17,A1,approach,probable,human_error,pilot & crew error,,,,,,,,,,
1994-09-08,Boeing 737-3B7,"near Aliquippa, PA",40.62,-80.26,USA,N513AU,USAir,132,67,A1,approach,probable,mechanical,rudder failure,,,,,,,,,,
1994-08-21,ATR 42-312,"Atlas Mountains, near Tizounine",29.24,-8.33,Morocco,CN-CDT,Royal Air Maroc,44,43,A1,en_route,suspected,human_error,intentional pilot error,,,,,,,,,,
1994-07-19,Embraer 110P1 Bandeirante,near Colon-Enrique A Jimenez Airport,9.36,-79.86,Panama,HP-1202AC,Alas Chiricanas,21,33,C1,en_route,suspected,criminal,suicide bomber,,,,,,,,,,
1994-07-17,IRMA/Pilatus BN-2B-26 Islander,near Fort de France-Lamentin Airport,14.59,-61.00,Martinique,8P-TAD,"Trans Island Air, operating for Air Martinique",6,22,A1,approach,confirmed,human_error,pilot error,,,,,,,,,,
1994-07-02,McMcDonnell Douglas DC-9-31,"Charlotte, NC",35.23,-80.84,USA,N954VJ,USAir,37,40,A1,approach,confirmed,human_error,pilot error & windshear,,,,,,,,,,
1994-07-01,Fokker F-28 Fellowship 4000,Tidjikja Airport,18.57,-11.43,Mauritania,5T-CLF,Air Mauritanie,80,55,A1,landing,probable,weather,low visibility,,,,,,,,,,
1994-06-26,Fokker F-27 Friendship 400M,near Abidjan-Felix Houphouet Boigny Airport,5.25,-3.93,Ivory Coast,TU-TIP,Air Ivoire,17,31,A1,approach,suspected,human_error,pilot error,,,,,,,,,,
1994-06-23,DHC-3 Otter,"Taku Inlet, AK",58.30,-134.06,USA,N13GA,Wings of Alaska,7,23,A1,en_route,probable,weather,low visibility,,,,,,,,,,
1994-06-18,Fokker F-27 Friendship 500F,Mount Kalora,-32.97,151.69,Indonesia,PK-MFI,Merpati Nusantara,12,27,A1,approach,probable,weather,low visibility,,,,,,,,,,
1994-06-13,Swearingen SA226-TC Metro II,near Uruapan Airport,19.40,-102.04,Mexico,XA-SLU,Aero Cuahonte,9,25,A1,approach,probable,weather,low visibility,,,,,,,,,,
1994-06-06,Tupolev Tu-154M,near Xian,34.34,108.94,China,B-2610,China Northwest Airlines,160,73,A1,en_route,probable,mechanical,maintenance error,,,,,,,,,,
1994-05-28,Douglas C-53D-DO (DC-3),near Villavicencio,4.15,-73.64,Colombia,HK-2213,Transoriente Colombia,7,23,A1,initial_climb,probable,mechanical,engine failure,,,,,,,,,,
1994-05-07,Embraer 110EJ Bandeirante,São Gabriel,-30.33,-54.32,Brazil,PT-GJW,Rico Linhas Aéreas,8,24,A1,landing,unknown,unknown,unknown,,,,,,,,,,
1994-04-26,Airbus A300b4-622r,Nagoya-Komaki,35.25,136.92,Japan,B-1816,China Airlines,264,91,A1,approach,probable,human_error,pilot error,,,,,,,,,,
1994-04-25,IRMA/BN-2A-21 Islander,near Nangapinoh,-0.37,111.74,Indonesia,PK-ZAA,Dirgantara Air Services,10,26,A1,en_route,probable,human_error,pilot error,,,,,,,,,,
1994-04-04,Saab 340B,Amsterdamn Schiphol Airport,52.31,4.77,Netherlands,PH-KSH,KLM Cityhopper,3,19,A1,landing,probable,human_error,pilot & crew error,,,,,,,,,,
1994-03-23,Airbus A310-304,Mezhdurechensk,53.68353,88.080909,Russia,F-OGQS,Aeroflot,75,53,A1,en_route,confirmed,human_error,pilot error,,,,,,,,,,
1994-02-25,Yakovlev 40,near Tingo Maria,-9.30,-76.00,Peru,OB-1559,Expresso Aéreo,31,38,A1,en_route,suspected,human_error,pilot error,,,,,,,,,,
1994-01-07,British Aerospace 4101 Jetstream,near Port Columbus Airport,40.00,-82.89,USA,N304UE,"Atlantic Coast Airlines, operating for United Express",5,21,A1,approach,probable,human_error,pilot & crew error,,,,,,,,,,
1994-01-03,Tupolev154M,near Mamony,52.30,104.16,Russia,RA-85656,Baikal Airlines,125,66,A1,en_route,confirmed,human_error,crew & company error,,,,,,,,,,
1993-12-26,Antonov 26B,Gyumri-Lenin,ERROR,ERROR,Armenia,CCCP-26141,Kuban Airlines,35,40,A1,landing,probable,human_error,overload,,,,,,,,,,
1993-12-13,Harbin Yunshuji Y-12-II,Phonesavanh,18.03,102.64,Laos,RDPL-34117,Lao Aviation,18,31,A1,approach,probable,weather,low visibility,,,,,,,,,,
1993-12-09,DHC-6 Twin Otter 300,near Dakar-Yoff A,14.74,-17.49,Senegal,6V-ADE,Air Senegal,3,19,A1,approach,confirmed,human_error,pilot error,,,,,,,,,,
1993-12-03,BN-2A-20 Islander,"near Tuktoyaktuk, NT",69.45,-133.03,Canada,C-GMOP,Arctic Wings and Rotors,7,23,A1,en_route,probable,mechanical,engine failure,,,,,,,,,,
1993-12-01,Jetstream 31,"near Hibbing, Minnesota",47.43,-92.94,USA,N334PX,Northwest Airlink,18,31,A1,approach,confirmed,human_error,pilot & company error,,,,,,,,,,
1993-11-20,Yakovlev Yak-42,near Ohrid,41.1231059,20.802644,Macedonia,RA-42390,Avioimpex,116,64,A1,approach,probable,human_error,pilot error,,,,,,,,,,
1993-11-13,McDonnell-Douglas MD-82,near Urumqi Airport,43.91,87.47,China,B-2141,China Northern Airlines,12,27,A1,approach,probable,mechanical,autopilot failure,,,,,,,,,,
1993-11-10,Hawker Siddeley HS-748-234 Srs,"near Sandy Lake, ON",53.0631264,-93.3296022,Canada,C-GQTH,Air Manitoba,7,23,A1,initial_climb,probable,human_error,pilot & crew error,,,,,,,,,,
1993-10-27,de Havilland Canada DHC-6-300 Twin Otter,near Namsos Airport,64.47,11.57,Norway,LN-BNM,Widerøe,6,22,A1,approach,probable,human_error,pilot & company error,,,,,,,,,,
1993-10-26,McDonnell Douglas MD-82,"Fuzhou, Fujian",26.07,119.30,China,B-2103,China Eastern Airlines,2,17,A1,landing,probable,weather,wet runway,,,,,,,,,,
1993-09-23,Tupolev-154B-2,Sukhumi-Babusheri Airport,42.86,41.13,Georgia,85359,Orbi Georgian Airways,1,15,C1,grounded,suspected,criminal,mortar or artillery fire,,,,,,,,,,
1993-09-22,Tupolev-154B,Sukhumi-Babusheri Airport,42.86,41.13,Georgia,85163,Transair Georgia,108,62,C1,approach,confirmed,criminal,shot down,,,,,,,,,,
1993-09-21,Tupolev-134A,Sukhumi-Babusheri Airport,42.86,41.13,Georgia,65809,Transair Georgia,27,36,C1,approach,confirmed,criminal,heat seeking missile,,,,,,,,,,
1993-09-14,Airbus A320,Warsaw,52.23,21.01,Poland,D-AIPN,Lufthansa,2,17,A1,landing,confirmed,human_error,"crew error, design flaws",,,,,,,,,,
1993-08-28,Yakovlev 40,near Khorog,37.49,71.59,Tajikistan,87995,Tajikistan Airlines,82,55,A1,takeoff,probable,human_error,overload,,,,,,,,,,
1993-08-26,Let L-410UVP-E,near Aldan Airport,39.88,-75.25,Russia,RA-67656,Sakha Avia,24,34,A1,landing,probable,human_error,overload,,,,,,,,,,
1993-07-31,Dornier 228-101,near Bharatpur Airport,27.68,84.43,Nepal,9N-ACL,Everest Air,19,32,A1,approach,unknown,unknown,unknown,,,,,,,,,,
1993-07-26,Boeing 737-5L9,Ungeo Mountain near Mokpo,52.08,8.75,Korea,HL7229,Asiana Airlines,68,51,A1,approach,probable,weather,bad weather,,,,,,,,,,
1993-07-23,BAe 146-300,"Yinchuan, Ningxia",38.49,106.23,China,B-2716,China Northwest Airlines,55,47,A1,takeoff,confirmed,mechanical,mechanical failure,,,,,,,,,,
1993-07-01,Fokker F-28 Fellowship 3000,Sorong-Jefma,-0.8901699,131.2905401,Indonesia,PK-GFU,Merpati Nusantara,41,42,A1,approach,unknown,unknown,unknown,,,,,,,,,,
1993-06-28,Beechcraft 200 Super King Air,Aminius,ERROR,ERROR,Namibia,ZS-NEP,Trans Namibia Aviation,3,19,A1,initial_climb,unknown,unknown,unknown,,,,,,,,,,
1993-06-17,Antonov 26B,near Tbilisi,-0.89,131.29,Georgia,26035,Tajikistan Airlines,41,42,A1,en_route,probable,weather,turbulence,,,,,,,,,,
1993-06-09,Pilatus BN-2A-20 Islander,Gulgubip Airport,41.72,44.83,Papua New Guinea,P2-SWA,Southwest Air,9,25,A1,approach,probable,mechanical,engine failure,,,,,,,,,,
1993-05-19,Boeing 727-46,Mt Paramo Frontino,6.46,-76.12,Colombia,HK-2422X,SAM Colombia,132,67,A1,en_route,probable,human_error,pilot & ATC error,,,,,,,,,,
1993-04-26,Boeing 737 2AB,near Aurangabad Airport,19.87,75.40,India,VT-ECQ,Indian Airlines,55,47,A1,takeoff,probable,human_error,pilot error,,,,,,,,,,
1993-04-23,Antonov 26,near Zavkhan Province,48.2388147,96.0703019,Mongolia,BNMAU-14102,MIAT Mongolian Airlines,32,38,A1,en_route,suspected,human_error,pilot & crew error,,,,,,,,,,
1993-04-06,McDonnell-Douglas MD-11,"near Aleutian Islands, Alaska",54.4799849,-164.5534196,USA,B-2171,China Eastern Airlines,2,17,A2,en_route,probable,mechanical,design flaw,,,,,,,,,,
1993-03-23,Embraer 110C Bandeirante,"near Cuiabá, MT",-15.6014109,-56.0978917,Brazil,PP-SBJ,Oeste Linhas Aéreas,6,22,A1,en_route,probable,weather,bad weather,,,,,,,,,,
1993-03-19,Beechcraft 200 Super King Air,near Geilo-Dagali,60.4169791,8.501987,Norway,LN-TSA,West Aviation,3,19,A1,approach,probable,weather,bad weather,,,,,,,,,,
1993-03-05,Fokker 100,"near Skopje, Macedonia",41.9973462,21.4279956,Macedonia,PH-KXL,Palair Macedonian,83,56,A1,initial_climb,confirmed,human_error,maintenance error,,,,,,,,,,
1993-02-28,Dornier 228-201,near Orchid Island,28.4292755,77.0701175,Taiwan,B-12238,Formosa Airlines,6,22,A1,approach,probable,weather,bad weather,,,,,,,,,,
1993-02-08,Tupolev 154M,near Tehran-Mehra,,,Iran,EP-ITD,Iran Air Tours,131,67,A1,en_route,confirmed,human_error,"pilot error, collision",,,,,,,,,,
1993-01-31,Shorts SC.7 Skyvan 3-100,Mt. Kapur,43.7648678,-87.8144466,Indonesia,9M-PID,Pan Malaysian Air Transport,14,29,A1,en_route,probable,weather,low visibility,,,,,,,,,,
1993-01-09,Hawker Siddeley HS-748-234 Srs,near Surabaya Airport,-7.3831937,112.7756078,Indonesia,PK-IHE,Bouraq Indonesia,15,29,A1,initial_climb,probable,mechanical,engine failure,,2.5479245,112.7756078,-87.8144466,77.0701175,21.4279956,8.501987,-56.0978917,-164.5534196,96.0703019
1993-01-06,Dash 8-311,near Paris Charles de Gualle,49.0096906,2.5479245,France,D-BEAT,Lufthansa Cityline,4,20,A1,approach,confirmed,human_error,pilot & ATC error,,49.0096906,-7.3831937,43.7648678,28.4292755,41.9973462,60.4169791,-15.6014109,54.4799849,48.2388147